Vehicle Name,Trip Started At,Trip Ended At,Trip Distance Miles,Average MPG,Fuel Cost USD,Hard Brake Count,Hard Accel Count,Duration Over 70 MPH,Duration Over 75 MPH,Duration Over 80 MPH,Trip Path Image Map URL,Start Location Lon,Start Location Lat,Start Location Map URL,End Location Lon,End Location Lat,End Location Map URL
Volkswagen Jetta,"March 06, 2014 at 11:47AM","March 06, 2014 at 12:00PM",6.4,22.79,$1.04,0,1,0,0,0,http://wmsy.me/1fLiMiL,-73.2656957,40.7668752,http://wmsy.me/1ifLEaI,-73.238367,40.805497,http://wmsy.me/1fLiOqN
Volkswagen Jetta,"March 06, 2014 at 12:17PM","March 06, 2014 at 12:27PM",6.51,26.25,$0.95,0,0,7,0,0,http://wmsy.me/1ih2K84,-73.2383447886195,40.8070780802898,http://wmsy.me/1jWWFv3,-73.264857,40.766932,http://wmsy.me/1ih2K8c
Volkswagen Jetta,"March 06, 2014 at 05:51PM","March 06, 2014 at 05:56PM",0.51,9.59,$0.2,0,0,0,0,0,http://wmsy.me/1hQZY6O,-73.264857,40.766932,http://wmsy.me/1ih2K8c,-73.2786391,40.7721528,http://wmsy.me/1gW66rP
Volkswagen Jetta,"March 06, 2014 at 05:58PM","March 06, 2014 at 07:02PM",42.02,28.64,$5.48,0,1,6,0,0,http://wmsy.me/1hQZYnp,-73.2786391,40.7721528,http://wmsy.me/1gW66rP,-73.923408,40.762594,http://wmsy.me/1gW682X
Volkswagen Jetta,"March 07, 2014 at 08:27AM","March 07, 2014 at 09:20AM",43,28.98,$5.46,0,2,17,0,0,http://wmsy.me/1lF8rNB,-73.923408,40.762594,http://wmsy.me/1gW682X,-73.2656957,40.7668752,http://wmsy.me/1ifLEaI
Volkswagen Jetta,"March 07, 2014 at 12:15PM","March 07, 2014 at 12:28PM",3.81,17.84,$0.78,0,0,0,0,0,http://wmsy.me/1nnXQoI,-73.2656957,40.7668752,http://wmsy.me/1ifLEaI,-73.2656957,40.7668752,http://wmsy.me/1ifLEaI
Volkswagen Jetta,"March 07, 2014 at 05:47PM","March 07, 2014 at 06:57PM",47.13,28.13,$6.27,0,7,0,0,0,http://wmsy.me/NHGOFm,-73.2656957,40.7668752,http://wmsy.me/1ifLEaI,-73.923408,40.762594,http://wmsy.me/1gW682X
Volkswagen Jetta,"March 08, 2014 at 06:59PM","March 08, 2014 at 07:04PM",0.5,6.51,$0.29,0,0,0,0,0,http://wmsy.me/1cF6jCR,-73.923408,40.762594,http://wmsy.me/1gW682X,-73.9196437,40.7581755,http://wmsy.me/1fV38S1
Volkswagen Jetta,"March 08, 2014 at 07:06PM","March 08, 2014 at 07:31PM",9.03,20.77,$1.64,0,0,0,0,0,http://ift.tt/1fV7NDo,-73.9197221,40.7580779,http://wmsy.me/1cF9z0U,-73.937244,40.8564989,http://wmsy.me/1fV7Pv5
Volkswagen Jetta,"March 08, 2014 at 07:40PM","March 08, 2014 at 08:11PM",8.71,20.28,$1.61,0,0,0,0,0,http://wmsy.me/NLF4uK,-73.937244,40.8564989,http://wmsy.me/1fV7Pv5,-73.923408,40.762594,http://wmsy.me/1gW682X
Volkswagen Jetta,"March 13, 2014 at 09:22AM","March 13, 2014 at 10:14AM",43.17,29.42,$5.56,0,0,73,0,0,http://wmsy.me/1ftvweb,-73.923408,40.762594,http://wmsy.me/1gW682X,-73.2656957,40.7668752,http://wmsy.me/1ifLEaI
Volkswagen Jetta,"March 13, 2014 at 01:36PM","March 13, 2014 at 01:39PM",0.42,7.86,$0.2,0,0,0,0,0,http://wmsy.me/O7tF8Q,-73.2656957,40.7668752,http://wmsy.me/1ifLEaI,-73.26044,40.767229,http://wmsy.me/1oQrz8F
Volkswagen Jetta,"March 13, 2014 at 01:45PM","March 13, 2014 at 01:48PM",0.93,17.54,$0.2,0,0,0,0,0,http://wmsy.me/1fu4gMr,-73.26044,40.767229,http://wmsy.me/1oQrz8F,-73.2656957,40.7668752,http://wmsy.me/1ifLEaI
Volkswagen Jetta,"March 13, 2014 at 06:17PM","March 13, 2014 at 07:11PM",47.4,27.47,$6.54,0,2,222,1,0,http://ift.tt/1nWU99D,-73.2656957,40.7668752,http://wmsy.me/1ifLEaI,-73.923408,40.762594,http://wmsy.me/1gW682X
Volkswagen Jetta,"March 14, 2014 at 08:12AM","March 14, 2014 at 09:16AM",43.11,27.31,$5.97,0,2,202,1,0,http://wmsy.me/1oTsViL,-73.923408,40.762594,http://wmsy.me/1gW682X,-73.2656957,40.7668752,http://wmsy.me/1ifLEaI
Volkswagen Jetta,"March 14, 2014 at 12:41PM","March 14, 2014 at 12:56PM",3.85,17.29,$0.85,0,0,0,0,0,http://wmsy.me/1eAATbP,-73.2656957,40.7668752,http://wmsy.me/1ifLEaI,-73.2656957,40.7668752,http://wmsy.me/1ifLEaI
Volkswagen Jetta,"March 14, 2014 at 05:18PM","March 14, 2014 at 06:40PM",41.82,24.76,$6.39,0,1,106,2,0,http://wmsy.me/OdKVJK,-73.2656957,40.7668752,http://wmsy.me/1ifLEaI,-73.923408,40.762594,http://wmsy.me/1gW682X
Volkswagen Jetta,"March 16, 2014 at 03:40PM","March 16, 2014 at 03:48PM",0.86,7.56,$0.44,0,0,0,0,0,http://wmsy.me/1eHXPGf,-73.923408,40.762594,http://wmsy.me/1gW682X,-73.914584,40.763485,http://wmsy.me/OlrhLO
Volkswagen Jetta,"March 16, 2014 at 03:52PM","March 16, 2014 at 04:33PM",19.81,24.02,$3.15,0,1,0,0,0,http://wmsy.me/1odFB5A,-73.914584,40.763485,http://wmsy.me/OlrhLO,-73.7939949,40.7796703,http://wmsy.me/1iSrBPV
Volkswagen Jetta,"March 16, 2014 at 06:37PM","March 16, 2014 at 07:33PM",18.27,22.03,$3.17,1,0,0,0,0,http://wmsy.me/1eIxtUr,-73.7939949,40.7796703,http://wmsy.me/1iSrBPV,-73.923408,40.762594,http://wmsy.me/1gW682X
Volkswagen Jetta,"March 17, 2014 at 09:06AM","March 17, 2014 at 10:08AM",47.11,27.16,$6.57,0,0,118,0,0,http://wmsy.me/1guc8h8,-73.923408,40.762594,http://wmsy.me/1gW682X,-73.2656957,40.7668752,http://wmsy.me/1ifLEaI
Volkswagen Jetta,"March 17, 2014 at 12:48PM","March 17, 2014 at 12:59PM",5.06,23.04,$0.84,0,0,0,0,0,http://wmsy.me/1fD4C3A,-73.2656957,40.7668752,http://wmsy.me/1ifLEaI,-73.2281272,40.740182,http://wmsy.me/1ecqTZA
Volkswagen Jetta,"March 17, 2014 at 01:40PM","March 17, 2014 at 01:53PM",3.79,21.26,$0.68,0,0,0,0,0,http://wmsy.me/1oiTrDN,-73.2281272,40.740182,http://wmsy.me/1ecqTZA,-73.2656957,40.7668752,http://wmsy.me/1ifLEaI
Volkswagen Jetta,"March 17, 2014 at 05:56PM","March 17, 2014 at 06:50PM",43.5,29.82,$5.53,1,0,181,0,0,http://wmsy.me/1fUe7ju,-73.2656957,40.7668752,http://wmsy.me/1ifLEaI,-73.923408,40.762594,http://wmsy.me/1gW682X
Volkswagen Jetta,"March 18, 2014 at 08:18AM","March 18, 2014 at 09:32AM",43.07,26.61,$6.16,0,2,96,0,0,http://wmsy.me/1lKP6Yu,-73.923408,40.762594,http://wmsy.me/1gW682X,-73.2656957,40.7668752,http://wmsy.me/1ifLEaI
Volkswagen Jetta,"March 18, 2014 at 05:36PM","March 18, 2014 at 06:19PM",22.92,25.31,$3.44,0,1,1,0,0,http://wmsy.me/Ozy6JA,-73.2656957,40.7668752,http://wmsy.me/1ifLEaI,-73.5312156,40.7743712,http://wmsy.me/Ozy6JC
Volkswagen Jetta,"March 18, 2014 at 07:49PM","March 18, 2014 at 08:24PM",25.02,29.76,$3.21,0,0,18,0,0,http://wmsy.me/1j18LWQ,-73.5312156,40.7743712,http://wmsy.me/Ozy6JC,-73.923408,40.762594,http://wmsy.me/1gW682X
Volkswagen Jetta,"March 19, 2014 at 09:08AM","March 19, 2014 at 09:57AM",43.14,29.37,$5.59,0,2,105,0,0,http://wmsy.me/1lOyVJI,-73.923408,40.762594,http://wmsy.me/1gW682X,-73.2656957,40.7668752,http://wmsy.me/1ifLEaI
Volkswagen Jetta,"March 19, 2014 at 12:28PM","March 19, 2014 at 12:38PM",4.91,23.29,$0.81,0,1,0,0,0,http://wmsy.me/Ox2oNr,-73.2656957,40.7668752,http://wmsy.me/1ifLEaI,-73.2281272,40.740182,http://wmsy.me/1ecqTZA
Volkswagen Jetta,"March 19, 2014 at 01:49PM","March 19, 2014 at 01:54PM",1.28,16.12,$0.3,1,0,0,0,0,http://wmsy.me/1hBXoiN,-73.2281272,40.740182,http://wmsy.me/1ecqTZA,-73.240866,40.745693,http://wmsy.me/1hBXpDr
Volkswagen Jetta,"March 19, 2014 at 02:02PM","March 19, 2014 at 02:10PM",2.53,20.91,$0.47,1,0,0,0,0,http://wmsy.me/1j4bCyl,-73.240866,40.745693,http://wmsy.me/1hBXpDr,-73.2656957,40.7668752,http://wmsy.me/1ifLEaI
Volkswagen Jetta,"March 19, 2014 at 04:44PM","March 19, 2014 at 05:56PM",43.2,29.14,$5.64,0,0,39,0,0,http://wmsy.me/1d1cMb4,-73.2656957,40.7668752,http://wmsy.me/1ifLEaI,-73.923408,40.762594,http://wmsy.me/1gW682X
Volkswagen Jetta,"March 20, 2014 at 08:46AM","March 20, 2014 at 08:51AM",0.88,9.33,$0.36,0,0,0,0,0,http://wmsy.me/1eHXPGf,-73.923408,40.762594,http://wmsy.me/1gW682X,-73.914584,40.763485,http://wmsy.me/OlrhLO
Volkswagen Jetta,"March 20, 2014 at 08:55AM","March 20, 2014 at 09:47AM",42.29,30.9,$5.2,1,0,178,19,0,http://wmsy.me/1g4rhdO,-73.914584,40.763485,http://wmsy.me/OlrhLO,-73.2656957,40.7668752,http://wmsy.me/1ifLEaI
Volkswagen Jetta,"March 20, 2014 at 12:12PM","March 20, 2014 at 12:27PM",3.85,19.39,$0.76,0,0,0,0,0,http://wmsy.me/1eVUvaD,-73.2656957,40.7668752,http://wmsy.me/1ifLEaI,-73.2656957,40.7668752,http://wmsy.me/1ifLEaI
Volkswagen Jetta,"March 20, 2014 at 05:11PM","March 20, 2014 at 06:21PM",45.73,27.15,$6.41,0,3,0,0,0,http://wmsy.me/1oBD0Th,-73.2656957,40.7668752,http://wmsy.me/1ifLEaI,-73.923408,40.762594,http://wmsy.me/1gW682X
Volkswagen Jetta,"March 21, 2014 at 08:44AM","March 21, 2014 at 09:01AM",6.57,19.94,$1.26,0,1,0,0,0,http://wmsy.me/1oEzLdV,-73.923408,40.762594,http://wmsy.me/1gW682X,-73.840646,40.771968,http://wmsy.me/1oEzLuc
Volkswagen Jetta,"March 21, 2014 at 09:28AM","March 21, 2014 at 09:51AM",6.84,20.42,$1.28,0,0,0,0,0,http://wmsy.me/1ilNEuV,-73.840646,40.771968,http://wmsy.me/1oEzLuc,-73.9231894,40.7628983,http://wmsy.me/1gP1shO
Volkswagen Jetta,"March 21, 2014 at 12:32PM","March 21, 2014 at 12:40PM",1.02,9.31,$0.42,0,0,0,0,0,http://wmsy.me/1lWU7gD,-73.9231894,40.7628983,http://wmsy.me/1gP1shO,-73.912927,40.765367,http://wmsy.me/1giKxFE
Volkswagen Jetta,"March 21, 2014 at 06:11PM","March 21, 2014 at 06:20PM",1.2,12.45,$0.37,0,0,0,0,0,http://wmsy.me/1jd9YKS,-73.912927,40.765367,http://wmsy.me/1giKxFE,-73.923408,40.762594,http://wmsy.me/1gW682X
Volkswagen Jetta,"March 22, 2014 at 10:03PM","March 22, 2014 at 10:25PM",9.65,22.43,$1.65,1,1,0,0,0,http://wmsy.me/1pnabZf,-73.792958,40.783536,http://wmsy.me/1rfc3XX,-73.923408,40.762594,http://wmsy.me/1gW682X
Volkswagen Jetta,"March 22, 2014 at 04:27PM","March 22, 2014 at 04:48PM",9.76,23.69,$1.58,0,0,0,0,0,http://wmsy.me/1pnacfZ,-73.923408,40.762594,http://wmsy.me/1gW682X,-73.792958,40.783536,http://wmsy.me/1rfc3XX
Volkswagen Jetta,"March 23, 2014 at 01:31PM","March 23, 2014 at 01:39PM",6.7,16.57,$1.52,0,0,0,0,0,http://wmsy.me/1oPIrhq,-73.9057745319548,40.712876971849,http://wmsy.me/1gqnybI,-73.900142,40.7064008,http://wmsy.me/1oPIrhu
Volkswagen Jetta,"March 23, 2014 at 01:41PM","March 23, 2014 at 02:09PM",6.02,16.09,$1.41,0,0,0,0,0,http://wmsy.me/1dfabdT,-73.900142,40.7064008,http://wmsy.me/1oPIrhu,-73.923408,40.762594,http://wmsy.me/1gW682X
Volkswagen Jetta,"March 23, 2014 at 06:18PM","March 23, 2014 at 07:12PM",13.63,17.88,$2.91,1,4,0,0,0,http://wmsy.me/1nRKpRC,-73.923408,40.762594,http://wmsy.me/1gW682X,-73.923408,40.762594,http://wmsy.me/1gW682X
Volkswagen Jetta,"March 24, 2014 at 08:41AM","March 24, 2014 at 09:38AM",43.13,27.26,$6.02,0,1,80,0,0,http://wmsy.me/ORqNx3,-73.923408,40.762594,http://wmsy.me/1gW682X,-73.2656957,40.7668752,http://wmsy.me/1ifLEaI
Volkswagen Jetta,"March 24, 2014 at 01:08PM","March 24, 2014 at 01:11PM",0.96,18.12,$0.2,0,0,0,0,0,http://wmsy.me/1faZnsx,-73.2656957,40.7668752,http://wmsy.me/1ifLEaI,-73.2656957,40.7668752,http://wmsy.me/1ifLEaI
Volkswagen Jetta,"March 24, 2014 at 02:08PM","March 24, 2014 at 02:08PM",1.65,22.35,$0.28,0,0,0,0,0,http://wmsy.me/NLAQ5K,-73.2656957,40.7668752,http://wmsy.me/1ifLEaI,-73.2656957,40.7668752,http://wmsy.me/1ifLEaI
Volkswagen Jetta,"March 24, 2014 at 05:28PM","March 24, 2014 at 06:29PM",44.79,28.47,$5.98,0,1,78,0,0,http://wmsy.me/1nVco2G,-73.2656957,40.7668752,http://wmsy.me/1ifLEaI,-73.923408,40.762594,http://wmsy.me/1gW682X
Volkswagen Jetta,"March 25, 2014 at 06:43AM","March 25, 2014 at 07:35AM",41.78,28.85,$5.51,0,1,10,0,0,http://wmsy.me/1dm8b3r,-73.923408,40.762594,http://wmsy.me/1gW682X,-73.2656957,40.7668752,http://wmsy.me/1ifLEaI
Volkswagen Jetta,"March 25, 2014 at 08:35PM","March 25, 2014 at 08:55PM",9.44,24.24,$1.49,1,0,0,0,0,http://wmsy.me/QdE7x1,-73.7945651,40.7808302,http://wmsy.me/1jFcMfr,-73.923408,40.762594,http://wmsy.me/1gW682X
Volkswagen Jetta,"March 26, 2014 at 09:07AM","March 26, 2014 at 09:57AM",43.13,28.81,$5.69,0,0,302,9,0,http://wmsy.me/1o0Qew7,-73.923408,40.762594,http://wmsy.me/1gW682X,-73.2656957,40.7668752,http://wmsy.me/1ifLEaI
Volkswagen Jetta,"March 26, 2014 at 02:27PM","March 26, 2014 at 02:38PM",6.35,22.29,$1.08,0,0,0,0,0,http://wmsy.me/1rB39UC,-73.2656957,40.7668752,http://wmsy.me/1ifLEaI,-73.2378342,40.8076828,http://wmsy.me/1rB39UI
Volkswagen Jetta,"March 26, 2014 at 02:46PM","March 26, 2014 at 02:57PM",6.51,24.89,$0.99,0,0,0,0,0,http://wmsy.me/1gCPARv,-73.2378342,40.8076828,http://wmsy.me/1rB39UI,-73.2656957,40.7668752,http://wmsy.me/1ifLEaI
Volkswagen Jetta,"March 26, 2014 at 05:47PM","March 26, 2014 at 06:46PM",45.12,26.9,$6.37,0,0,75,0,0,http://wmsy.me/1fkYmyf,-73.2656957,40.7668752,http://wmsy.me/1ifLEaI,-73.923408,40.762594,http://wmsy.me/1gW682X
Volkswagen Jetta,"March 27, 2014 at 08:45AM","March 27, 2014 at 09:49AM",45.62,27.99,$6.17,0,1,152,5,0,http://wmsy.me/1hx8N20,-73.923408,40.762594,http://wmsy.me/1gW682X,-73.2656957,40.7668752,http://wmsy.me/1ifLEaI
Volkswagen Jetta,"March 27, 2014 at 01:48PM","March 27, 2014 at 02:02PM",3.2,16.53,$0.74,0,1,0,0,0,http://wmsy.me/QkfXB5,-73.2656957,40.7668752,http://wmsy.me/1ifLEaI,-73.264857,40.766932,http://wmsy.me/1ih2K8c
Volkswagen Jetta,"March 27, 2014 at 05:48PM","March 27, 2014 at 06:47PM",43.26,27.48,$5.96,0,1,307,26,0,http://wmsy.me/1jAxe5E,-73.264857,40.766932,http://wmsy.me/1ih2K8c,-73.923408,40.762594,http://wmsy.me/1gW682X
Volkswagen Jetta,"March 28, 2014 at 07:25AM","March 28, 2014 at 08:21AM",43.22,30.23,$5.43,0,0,217,6,0,http://wmsy.me/Qn0tfs,-73.923408,40.762594,http://wmsy.me/1gW682X,-73.264857,40.766932,http://wmsy.me/1ih2K8c
Volkswagen Jetta,"March 28, 2014 at 03:13PM","March 28, 2014 at 04:17PM",44.76,27.83,$6.11,0,2,239,13,0,http://wmsy.me/1dBd8Wl,-73.264857,40.766932,http://wmsy.me/1ih2K8c,-73.923408,40.762594,http://wmsy.me/1gW682X
Volkswagen Jetta,"March 29, 2014 at 01:01PM","March 29, 2014 at 01:34PM",6.75,15.8,$1.63,0,1,0,0,0,http://wmsy.me/1rPPYj1,-73.923408,40.762594,http://wmsy.me/1gW682X,-73.974527,40.7347825,http://wmsy.me/1hKd2aD
Volkswagen Jetta,"March 29, 2014 at 01:37PM","March 29, 2014 at 02:50PM",11.82,15.38,$2.94,0,1,0,0,0,http://wmsy.me/1k6Dpue,-73.974527,40.7347825,http://wmsy.me/1hKd2aD,-73.923408,40.762594,http://wmsy.me/1gW682X
Volkswagen Jetta,"March 29, 2014 at 04:00PM","March 29, 2014 at 05:00PM",34.76,24.44,$5.47,0,2,0,0,0,http://wmsy.me/1gNPYg6,-73.923408,40.762594,http://wmsy.me/1gW682X,-73.805431,41.187024,http://wmsy.me/1gNPZR6
Volkswagen Jetta,"March 29, 2014 at 05:11PM","March 29, 2014 at 06:40PM",80.53,27.12,$11.52,0,1,1,0,0,http://wmsy.me/P5BYm4,-73.805431,41.187024,http://wmsy.me/1gNPZR6,-73.5884502,42.1508394,http://wmsy.me/1fAC2k5
Volkswagen Jetta,"March 30, 2014 at 10:53AM","March 30, 2014 at 11:18AM",15.57,28.13,$2.05,0,1,0,0,0,http://wmsy.me/1pt83Be,-73.5884502,42.1508394,http://wmsy.me/1fAC2k5,-73.768106,42.256094,http://wmsy.me/1gPZZsZ
Volkswagen Jetta,"March 30, 2014 at 11:29AM","March 30, 2014 at 11:55AM",15.59,25.4,$2.27,0,0,0,0,0,http://wmsy.me/1kcb3P6,-73.768106,42.256094,http://wmsy.me/1gPZZsZ,-73.5884502,42.1508394,http://wmsy.me/1fAC2k5
Volkswagen Jetta,"March 30, 2014 at 05:41PM","March 30, 2014 at 07:59PM",119.2,30.64,$14.96,0,0,0,0,0,http://wmsy.me/1gRlHg9,-73.5884502,42.1508394,http://wmsy.me/1fAC2k5,-73.923408,40.762594,http://wmsy.me/1gW682X
Volkswagen Jetta,"April 01, 2014 at 09:13AM","April 01, 2014 at 10:05AM",46.75,30.14,$5.92,0,1,432,15,0,http://wmsy.me/1olH6SW,-73.923408,40.762594,http://wmsy.me/1gW682X,-73.2656957,40.7668752,http://wmsy.me/1ifLEaI
Volkswagen Jetta,"April 01, 2014 at 12:24PM","April 01, 2014 at 12:37PM",3.45,21.57,$0.62,0,0,0,0,0,http://wmsy.me/1i04QmQ,-73.2656957,40.7668752,http://wmsy.me/1ifLEaI,-73.24887,40.738307,http://wmsy.me/1i04SLw
Volkswagen Jetta,"April 01, 2014 at 01:22PM","April 01, 2014 at 01:32PM",4.05,23,$0.68,0,0,0,0,0,http://wmsy.me/1mx2Er5,-73.24887,40.738307,http://wmsy.me/1i04SLw,-73.2656957,40.7668752,http://wmsy.me/1ifLEaI
Volkswagen Jetta,"April 01, 2014 at 06:08PM","April 01, 2014 at 06:13PM",1.25,13.7,$0.35,0,0,0,0,0,http://wmsy.me/Pe0O2P,-73.2656957,40.7668752,http://wmsy.me/1ifLEaI,-73.2786391,40.7721528,http://wmsy.me/1gW66rP
Volkswagen Jetta,"April 01, 2014 at 06:17PM","April 01, 2014 at 07:09PM",43.74,30.65,$5.47,0,0,175,15,0,http://wmsy.me/1ibVXHX,-73.2786391,40.7721528,http://wmsy.me/1gW66rP,-73.923408,40.762594,http://wmsy.me/1gW682X
Volkswagen Jetta,"April 02, 2014 at 05:56AM","April 02, 2014 at 07:51AM",116.34,30.76,$12.98,0,0,285,13,0,http://wmsy.me/1hzG9Ru,-73.923408,40.762594,http://wmsy.me/1gW682X,-75.7039557863732,41.0705013061325,http://wmsy.me/1pK3AdD
Volkswagen Jetta,"April 02, 2014 at 07:56AM","April 02, 2014 at 08:31AM",22.93,31.28,$2.64,0,0,0,0,0,http://wmsy.me/PiiA5j,-75.7039557863732,41.0705013061325,http://wmsy.me/1pK3AdD,-75.919394,41.214671,http://wmsy.me/1pPs43j
Volkswagen Jetta,"April 02, 2014 at 10:56AM","April 02, 2014 at 11:34AM",33.09,28.77,$4.17,0,0,176,35,0,http://wmsy.me/1pR61sX,-75.919394,41.214671,http://wmsy.me/1pPs43j,-75.631413,40.970393,http://wmsy.me/1ftcY20
Volkswagen Jetta,"April 02, 2014 at 11:40AM","April 02, 2014 at 12:58PM",78.91,33.87,$8.39,0,0,614,16,0,http://wmsy.me/1h3gLF4,-75.631413,40.970393,http://wmsy.me/1ftcY20,-75.149853,40.168462,http://wmsy.me/1i2fSrH
Volkswagen Jetta,"April 02, 2014 at 04:05PM","April 02, 2014 at 04:42PM",32.02,31.49,$3.64,0,0,572,15,0,http://wmsy.me/PkDjW7,-75.149853,40.168462,http://wmsy.me/1i2fSrH,-74.626554,40.1753659,http://wmsy.me/PkDi4f
Volkswagen Jetta,"April 02, 2014 at 04:57PM","April 02, 2014 at 05:30PM",34.38,36.05,$3.19,0,0,85,0,0,http://wmsy.me/1oruf1x,-74.626554,40.1753659,http://wmsy.me/PkDi4f,-74.2631226,40.5560746,http://wmsy.me/1mAbWCt
Volkswagen Jetta,"April 02, 2014 at 05:33PM","April 02, 2014 at 06:24PM",39.05,30.41,$4.62,0,1,98,1,0,http://wmsy.me/1pSgYKM,-74.2631226,40.5560746,http://wmsy.me/1mAbWCt,-73.923408,40.762594,http://wmsy.me/1gW682X
Volkswagen Jetta,"April 03, 2014 at 08:46AM","April 03, 2014 at 09:44AM",43.09,28.55,$5.76,0,0,281,10,0,http://wmsy.me/1lqGXcc,-73.923408,40.762594,http://wmsy.me/1gW682X,-73.2656957,40.7668752,http://wmsy.me/1ifLEaI
Volkswagen Jetta,"April 03, 2014 at 01:49PM","April 03, 2014 at 01:59PM",5.06,25.08,$0.77,0,1,0,0,0,http://wmsy.me/Pr76MJ,-73.2656957,40.7668752,http://wmsy.me/1ifLEaI,-73.2279403,40.740238,http://wmsy.me/1h8HfFh
Volkswagen Jetta,"April 03, 2014 at 02:30PM","April 03, 2014 at 02:46PM",4.31,18,$0.91,0,2,0,0,0,http://wmsy.me/1fBn5la,-73.2279403,40.740238,http://wmsy.me/1h8HfFh,-73.2656957,40.7668752,http://wmsy.me/1ifLEaI
Volkswagen Jetta,"April 03, 2014 at 04:30PM","April 03, 2014 at 05:32PM",43.19,28.67,$5.75,0,1,133,6,0,http://wmsy.me/1ovyjh7,-73.2656957,40.7668752,http://wmsy.me/1ifLEaI,-73.923408,40.762594,http://wmsy.me/1gW682X
Volkswagen Jetta,"April 04, 2014 at 09:01AM","April 04, 2014 at 09:57AM",43.12,28.62,$5.76,0,2,98,0,0,http://wmsy.me/1lqGXcc,-73.923408,40.762594,http://wmsy.me/1gW682X,-73.2656957,40.7668752,http://wmsy.me/1ifLEaI
Volkswagen Jetta,"April 04, 2014 at 02:04PM","April 04, 2014 at 02:17PM",3.22,16.83,$0.73,0,0,0,0,0,http://wmsy.me/NLAQ5K,-73.2656957,40.7668752,http://wmsy.me/1ifLEaI,-73.2656957,40.7668752,http://wmsy.me/1ifLEaI
Volkswagen Jetta,"April 04, 2014 at 04:58PM","April 04, 2014 at 06:21PM",47.19,26.96,$6.7,1,3,82,0,0,http://wmsy.me/1k977mw,-73.2656957,40.7668752,http://wmsy.me/1ifLEaI,-73.923408,40.762594,http://wmsy.me/1gW682X
Volkswagen Jetta,"April 05, 2014 at 12:28PM","April 05, 2014 at 01:21PM",12.54,16.97,$2.83,0,4,0,0,0,http://wmsy.me/PEBH9R,-73.923408,40.762594,http://wmsy.me/1gW682X,-73.923408,40.762594,http://wmsy.me/1gW682X
Volkswagen Jetta,"April 05, 2014 at 09:49PM","April 05, 2014 at 10:10PM",8.51,19.77,$1.65,0,0,0,0,0,http://wmsy.me/1q6pi9K,-73.923408,40.762594,http://wmsy.me/1gW682X,-73.937244,40.8564989,http://wmsy.me/1fV7Pv5
Volkswagen Jetta,"April 05, 2014 at 10:26PM","April 05, 2014 at 10:55PM",8.56,20.67,$1.59,0,0,0,0,0,http://wmsy.me/1htvVh6,-73.937244,40.8564989,http://wmsy.me/1fV7Pv5,-73.923408,40.762594,http://wmsy.me/1gW682X
Volkswagen Jetta,"April 07, 2014 at 09:11AM","April 07, 2014 at 10:07AM",43.07,29.35,$5.62,0,1,114,0,0,http://wmsy.me/1lqGXcc,-73.923408,40.762594,http://wmsy.me/1gW682X,-73.2656957,40.7668752,http://wmsy.me/1ifLEaI
Volkswagen Jetta,"April 07, 2014 at 06:09PM","April 07, 2014 at 07:14PM",47.21,31.13,$5.81,0,1,0,0,0,http://wmsy.me/PHW9Xw,-73.2656957,40.7668752,http://wmsy.me/1ifLEaI,-73.923408,40.762594,http://wmsy.me/1gW682X
Volkswagen Jetta,"April 08, 2014 at 09:29AM","April 08, 2014 at 09:34AM",0.79,9.83,$0.31,0,0,0,0,0,http://wmsy.me/1hoqEgJ,-73.923408,40.762594,http://wmsy.me/1gW682X,-73.918154,40.769633,http://wmsy.me/1hoqEgL
Volkswagen Jetta,"April 08, 2014 at 09:34AM","April 08, 2014 at 10:21AM",37.82,31.38,$4.39,0,0,201,0,0,http://wmsy.me/1lNF9Ng,-73.918154,40.769633,http://wmsy.me/1hoqEgL,-74.2638534,40.5626344,http://wmsy.me/OxmSos
Volkswagen Jetta,"April 08, 2014 at 10:28AM","April 08, 2014 at 11:03AM",34.53,31.12,$3.73,0,0,389,0,0,http://wmsy.me/1eedGBY,-74.2638534,40.5626344,http://wmsy.me/OxmSos,-74.63278,40.17992,http://wmsy.me/1eedGC5
Volkswagen Jetta,"April 08, 2014 at 11:09AM","April 08, 2014 at 11:44AM",31.93,30.35,$3.77,0,0,224,0,0,http://wmsy.me/R0KAMc,-74.63278,40.17992,http://wmsy.me/1eedGC5,-75.149853,40.168462,http://wmsy.me/1i2fSrH
Volkswagen Jetta,"April 08, 2014 at 04:04PM","April 08, 2014 at 04:41PM",31.98,31.92,$3.61,0,0,497,69,0,http://wmsy.me/PkDjW7,-75.149853,40.168462,http://wmsy.me/1i2fSrH,-74.626554,40.1753659,http://wmsy.me/PkDi4f
Volkswagen Jetta,"April 08, 2014 at 04:51PM","April 08, 2014 at 05:46PM",58.3,32.46,$6.13,0,0,1049,281,2,http://wmsy.me/1kowzob,-74.626554,40.1753659,http://wmsy.me/PkDi4f,-74.0275258,40.8225513,http://wmsy.me/1qn3ln5
Volkswagen Jetta,"April 08, 2014 at 05:50PM","April 08, 2014 at 06:22PM",15.87,26.09,$2.21,1,0,9,0,0,http://wmsy.me/1lOAGd9,-74.0275258,40.8225513,http://wmsy.me/1qn3ln5,-73.923408,40.762594,http://wmsy.me/1gW682X
Volkswagen Jetta,"April 10, 2014 at 08:37AM","April 10, 2014 at 09:53AM",43.04,26.66,$6.21,0,1,317,9,0,http://wmsy.me/1lqGXcc,-73.923408,40.762594,http://wmsy.me/1gW682X,-73.2656957,40.7668752,http://wmsy.me/1ifLEaI
Volkswagen Jetta,"April 10, 2014 at 12:55PM","April 10, 2014 at 01:08PM",3.05,16.94,$0.69,0,0,0,0,0,http://wmsy.me/1gduffP,-73.2656957,40.7668752,http://wmsy.me/1ifLEaI,-73.2656957,40.7668752,http://wmsy.me/1ifLEaI
Volkswagen Jetta,"April 10, 2014 at 05:22PM","April 10, 2014 at 05:46PM",18.09,27.1,$2.58,0,0,69,2,0,http://wmsy.me/1qAgKs8,-73.2656957,40.7668752,http://wmsy.me/1ifLEaI,-73.503371,40.7985,http://wmsy.me/1qAgKsc
Volkswagen Jetta,"April 10, 2014 at 05:49PM","April 10, 2014 at 06:41PM",26.71,26.11,$3.94,0,2,0,0,0,http://wmsy.me/1lO3EHm,-73.503371,40.7985,http://wmsy.me/1qAgKsc,-73.923715,40.7627039,http://wmsy.me/1sIuV22
Volkswagen Jetta,"April 10, 2014 at 09:39PM","April 10, 2014 at 10:25PM",21.15,25.16,$3.23,0,1,0,0,0,http://wmsy.me/1hx6NMr,-73.923715,40.7627039,http://wmsy.me/1sIuV22,-73.923408,40.762594,http://wmsy.me/1gW682X
Volkswagen Jetta,"April 16, 2014 at 08:39AM","April 16, 2014 at 09:39AM",44.83,29.08,$5.93,1,0,43,0,0,http://wmsy.me/1iZRqcg,-73.923408,40.762594,http://wmsy.me/1gW682X,-73.264857,40.766932,http://wmsy.me/1ih2K8c
Volkswagen Jetta,"April 16, 2014 at 05:18PM","April 16, 2014 at 06:25PM",45.32,28.88,$6.03,1,0,15,0,0,http://wmsy.me/1iqEBtK,-73.2656957,40.7668752,http://wmsy.me/1ifLEaI,-73.923408,40.762594,http://wmsy.me/1gW682X
Volkswagen Jetta,"April 17, 2014 at 09:17AM","April 17, 2014 at 10:09AM",45,28.5,$6.08,0,0,305,16,0,http://wmsy.me/1eDquSq,-73.923343,40.762686,http://wmsy.me/1eDquSs,-73.2656957,40.7668752,http://wmsy.me/1ifLEaI
Volkswagen Jetta,"April 17, 2014 at 12:13PM","April 17, 2014 at 12:27PM",3.06,18.02,$0.65,0,0,0,0,0,http://wmsy.me/1lc48WO,-73.2656957,40.7668752,http://wmsy.me/1ifLEaI,-73.2656957,40.7668752,http://wmsy.me/1ifLEaI
Volkswagen Jetta,"April 17, 2014 at 06:17PM","April 17, 2014 at 07:24PM",44.92,27.97,$6.19,1,0,68,0,0,http://wmsy.me/1j9Je89,-73.2656957,40.7668752,http://wmsy.me/1ifLEaI,-73.923343,40.762686,http://wmsy.me/1eDquSs
Volkswagen Jetta,"April 18, 2014 at 07:41AM","April 18, 2014 at 08:33AM",43.16,28.88,$5.77,1,0,271,0,0,http://wmsy.me/1jcxJNe,-73.923343,40.762686,http://wmsy.me/1eDquSs,-73.264857,40.766932,http://wmsy.me/1ih2K8c
Volkswagen Jetta,"April 18, 2014 at 12:31PM","April 18, 2014 at 12:33PM",0.41,10.56,$0.15,0,0,0,0,0,http://wmsy.me/1f32y5P,-73.264857,40.766932,http://wmsy.me/1ih2K8c,-73.2612801,40.7681716,http://wmsy.me/1f32y5R
Volkswagen Jetta,"April 18, 2014 at 12:37PM","April 18, 2014 at 12:41PM",0.95,18.18,$0.2,0,0,0,0,0,http://wmsy.me/1pgFIBw,-73.2612801,40.7681716,http://wmsy.me/1f32y5R,-73.2656957,40.7668752,http://wmsy.me/1ifLEaI
Volkswagen Jetta,"April 18, 2014 at 03:26PM","April 18, 2014 at 04:24PM",44.78,29.16,$5.93,0,0,258,2,0,http://wmsy.me/1jeHf2m,-73.264857,40.766932,http://wmsy.me/1ih2K8c,-73.9236762,40.7628992,http://wmsy.me/1jeHfiE
Volkswagen Jetta,"April 20, 2014 at 07:45AM","April 20, 2014 at 08:47AM",29.29,24.51,$4.64,0,0,34,0,0,http://wmsy.me/1heHwRo,-73.9236762,40.7628992,http://wmsy.me/1jeHfiE,-73.854868,40.702921,http://wmsy.me/1heHwRq
Volkswagen Jetta,"April 20, 2014 at 08:51AM","April 20, 2014 at 09:05AM",3.21,18.43,$0.67,0,0,0,0,0,http://wmsy.me/1gZ4IHL,-73.854868,40.702921,http://wmsy.me/1heHwRq,-73.8528798,40.697058,http://wmsy.me/1gZ4IHP
Volkswagen Jetta,"April 20, 2014 at 03:23PM","April 20, 2014 at 04:03PM",22.34,25.17,$3.43,1,0,0,0,0,http://wmsy.me/1jqN8Lf,-73.8528798,40.697058,http://wmsy.me/1gZ4IHP,-73.5304839,40.7739033,http://wmsy.me/1h0NYjr
Volkswagen Jetta,"April 20, 2014 at 05:21PM","April 20, 2014 at 05:24PM",0.26,11.4,$0.09,0,0,0,0,0,http://wmsy.me/1eS2FGE,-73.5304839,40.7739033,http://wmsy.me/1h0NYjr,-73.5304839,40.7739033,http://wmsy.me/1h0NYjr
Volkswagen Jetta,"April 20, 2014 at 05:29PM","April 20, 2014 at 05:49PM",11.62,28.13,$1.59,0,0,0,0,0,http://wmsy.me/1lqc2vL,-73.5304839,40.7739033,http://wmsy.me/1h0NYjr,-73.7000334,40.777308,http://wmsy.me/1lrD624
Volkswagen Jetta,"April 20, 2014 at 07:19PM","April 20, 2014 at 08:02PM",20.3,24.97,$3.21,0,0,0,0,0,http://wmsy.me/Pl9AvD,-73.7000334,40.777308,http://wmsy.me/1lrD624,-73.923343,40.762686,http://wmsy.me/1eDquSs
Volkswagen Jetta,"April 21, 2014 at 09:14AM","April 21, 2014 at 10:13AM",46.82,29,$6.3,0,0,48,0,0,http://wmsy.me/1r8vNLK,-73.923343,40.762686,http://wmsy.me/1eDquSs,-73.2656957,40.7668752,http://wmsy.me/1ifLEaI
Volkswagen Jetta,"April 21, 2014 at 12:50PM","April 21, 2014 at 01:01PM",5.08,27.39,$0.71,0,0,0,0,0,http://wmsy.me/1k0qtac,-73.2656957,40.7668752,http://wmsy.me/1ifLEaI,-73.2285801,40.7383494,http://wmsy.me/RFrStN
Volkswagen Jetta,"April 21, 2014 at 01:35PM","April 21, 2014 at 01:47PM",3.76,19.79,$0.73,0,0,0,0,0,http://wmsy.me/1r9uhsP,-73.2285801,40.7383494,http://wmsy.me/RFrStN,-73.2656957,40.7668752,http://wmsy.me/1ifLEaI
Volkswagen Jetta,"April 21, 2014 at 05:17PM","April 21, 2014 at 06:23PM",45.1,28.77,$6.12,1,1,12,0,0,http://wmsy.me/1i9eDfD,-73.2656957,40.7668752,http://wmsy.me/1ifLEaI,-73.9236762,40.7628992,http://wmsy.me/1jeHfiE
Volkswagen Jetta,"April 22, 2014 at 08:36AM","April 22, 2014 at 09:29AM",44.97,31.08,$5.66,0,0,312,31,0,http://wmsy.me/1ibK20S,-73.9236762,40.7628992,http://wmsy.me/1jeHfiE,-73.2656957,40.7668752,http://wmsy.me/1ifLEaI
Volkswagen Jetta,"April 22, 2014 at 12:31PM","April 22, 2014 at 12:34PM",0.42,9.83,$0.17,0,0,0,0,0,http://wmsy.me/1fl1w57,-73.2656957,40.7668752,http://wmsy.me/1ifLEaI,-73.2611847,40.768148,http://wmsy.me/1fl1w5d
Volkswagen Jetta,"April 22, 2014 at 12:43PM","April 22, 2014 at 12:51PM",2.8,22.44,$0.49,0,0,0,0,0,http://wmsy.me/1kXA2rI,-73.2611847,40.768148,http://wmsy.me/1fl1w5d,-73.2656957,40.7668752,http://wmsy.me/1ifLEaI
Volkswagen Jetta,"April 22, 2014 at 03:05PM","April 22, 2014 at 04:00PM",42.24,30.36,$5.44,1,2,49,0,0,http://wmsy.me/1jG3YFT,-73.2656957,40.7668752,http://wmsy.me/1ifLEaI,-73.9236762,40.7628992,http://wmsy.me/1jeHfiE
Volkswagen Jetta,"April 23, 2014 at 09:07PM","April 23, 2014 at 09:50PM",21.08,24.42,$3.39,3,2,0,0,0,http://wmsy.me/1f8d0OI,-73.9236762,40.7628992,http://wmsy.me/1jeHfiE,-73.9236762,40.7628992,http://wmsy.me/1jeHfiE
Volkswagen Jetta,"April 24, 2014 at 09:05AM","April 24, 2014 at 10:01AM",43.06,30.12,$5.61,0,0,154,3,0,http://wmsy.me/1hoOQP5,-73.9236762,40.7628992,http://wmsy.me/1jeHfiE,-73.2656957,40.7668752,http://wmsy.me/1ifLEaI
Volkswagen Jetta,"April 24, 2014 at 12:58PM","April 24, 2014 at 01:15PM",3.21,15.96,$0.79,0,0,0,0,0,http://wmsy.me/1faRby9,-73.2656957,40.7668752,http://wmsy.me/1ifLEaI,-73.2656957,40.7668752,http://wmsy.me/1ifLEaI
Volkswagen Jetta,"April 24, 2014 at 05:58PM","April 24, 2014 at 07:03PM",44.73,29.45,$5.96,1,1,14,0,0,http://wmsy.me/1hrkrzE,-73.2656957,40.7668752,http://wmsy.me/1ifLEaI,-73.923343,40.762686,http://wmsy.me/1eDquSs
Volkswagen Jetta,"April 25, 2014 at 07:50AM","April 25, 2014 at 07:55AM",0.87,9.5,$0.36,0,0,0,0,0,http://wmsy.me/1ihutUy,-73.9236762,40.7628992,http://wmsy.me/1jeHfiE,-73.9145619,40.7634447,http://wmsy.me/1ihuxnj
Volkswagen Jetta,"April 25, 2014 at 07:58AM","April 25, 2014 at 08:57AM",42.31,28.71,$5.78,0,0,155,0,0,http://wmsy.me/1pxCBFp,-73.9145619,40.7634447,http://wmsy.me/1ihuxnj,-73.264857,40.766932,http://wmsy.me/1ih2K8c
Volkswagen Jetta,"April 25, 2014 at 12:43PM","April 25, 2014 at 12:57PM",4.85,22.15,$0.85,0,0,0,0,0,http://wmsy.me/1feTY9t,-73.264857,40.766932,http://wmsy.me/1ih2K8c,-73.2283622,40.7377547,http://wmsy.me/1nNss2B
Volkswagen Jetta,"April 25, 2014 at 01:29PM","April 25, 2014 at 01:40PM",4.67,25.84,$0.7,0,0,0,0,0,http://wmsy.me/1il28h4,-73.2283622,40.7377547,http://wmsy.me/1nNss2B,-73.2656957,40.7668752,http://wmsy.me/1ifLEaI
Volkswagen Jetta,"April 25, 2014 at 05:32PM","April 25, 2014 at 06:44PM",44.81,26.97,$6.53,4,1,121,0,0,http://wmsy.me/1fg3oBs,-73.2656957,40.7668752,http://wmsy.me/1ifLEaI,-73.9236762,40.7628992,http://wmsy.me/1jeHfiE
Volkswagen Jetta,"June 09, 2014 at 10:17AM","June 09, 2014 at 10:37AM",12.28,28.3,$1.77,0,0,0,0,0,http://wmsy.me/SrTXEj,-73.9169534,40.7696015,http://wmsy.me/1kKDcA3,-73.7313172,40.7623333,http://wmsy.me/SrTXUZ
Volkswagen Jetta,"June 09, 2014 at 10:41AM","June 09, 2014 at 11:14AM",26.18,30.72,$3.29,0,0,0,0,0,http://wmsy.me/1kKDfvx,-73.70589,40.770434,http://wmsy.me/1kKDerD,-73.2656957,40.7668752,http://wmsy.me/1ifLEaI
Volkswagen Jetta,"June 09, 2014 at 01:39PM","June 09, 2014 at 01:56PM",0.27,3.09,$0.34,0,0,0,0,0,http://wmsy.me/NLAQ5K,-73.2656957,40.7668752,http://wmsy.me/1ifLEaI,-73.2656957,40.7668752,http://wmsy.me/1ifLEaI
Volkswagen Jetta,"June 09, 2014 at 06:20PM","June 09, 2014 at 07:11PM",43.31,30.05,$5.72,0,0,245,0,0,http://wmsy.me/1myPS9t,-73.2656957,40.7668752,http://wmsy.me/1ifLEaI,-73.9236762,40.7628992,http://wmsy.me/1jeHfiE
Volkswagen Jetta,"June 10, 2014 at 08:06AM","June 10, 2014 at 08:12AM",0.79,8.91,$0.36,0,0,0,0,0,http://wmsy.me/1pfnOOL,-73.9236762,40.7628992,http://wmsy.me/1jeHfiE,-73.918154,40.769633,http://wmsy.me/1hoqEgL
Volkswagen Jetta,"June 10, 2014 at 08:16AM","June 10, 2014 at 09:21AM",42.23,27.23,$6.24,0,0,114,38,4,http://wmsy.me/1l2Ak16,-73.918154,40.769633,http://wmsy.me/1hoqEgL,-73.2656957,40.7668752,http://wmsy.me/1ifLEaI
Volkswagen Jetta,"June 10, 2014 at 12:21PM","June 10, 2014 at 12:42PM",3.07,13.07,$0.93,0,0,0,0,0,http://wmsy.me/NLAQ5K,-73.2656957,40.7668752,http://wmsy.me/1ifLEaI,-73.2656957,40.7668752,http://wmsy.me/1ifLEaI
Volkswagen Jetta,"June 10, 2014 at 06:13PM","June 10, 2014 at 07:06PM",43.15,27.19,$6.29,0,1,437,135,0,http://wmsy.me/1hGgERg,-73.2656957,40.7668752,http://wmsy.me/1ifLEaI,-73.9236762,40.7628992,http://wmsy.me/1jeHfiE
Volkswagen Jetta,"June 11, 2014 at 09:03AM","June 11, 2014 at 09:58AM",45.35,29.54,$6.1,0,0,89,0,0,http://wmsy.me/SyR7NM,-73.9236762,40.7628992,http://wmsy.me/1jeHfiE,-73.2656957,40.7668752,http://wmsy.me/1ifLEaI
Volkswagen Jetta,"June 11, 2014 at 12:36PM","June 11, 2014 at 12:57PM",3.06,14.83,$0.82,0,0,0,0,0,http://wmsy.me/NLAQ5K,-73.2656957,40.7668752,http://wmsy.me/1ifLEaI,-73.2656957,40.7668752,http://wmsy.me/1ifLEaI
Volkswagen Jetta,"June 11, 2014 at 05:42PM","June 11, 2014 at 06:51PM",44.66,26.83,$6.61,0,1,56,0,0,http://wmsy.me/1plv0ZW,-73.2656957,40.7668752,http://wmsy.me/1ifLEaI,-73.9236762,40.7628992,http://wmsy.me/1jeHfiE
Volkswagen Jetta,"June 12, 2014 at 08:56AM","June 12, 2014 at 09:52AM",43.74,28.17,$6.16,1,0,171,31,0,http://wmsy.me/1pnRolt,-73.9236762,40.7628992,http://wmsy.me/1jeHfiE,-73.2656957,40.7668752,http://wmsy.me/1ifLEaI
Volkswagen Jetta,"June 12, 2014 at 12:24PM","June 12, 2014 at 12:34PM",5.05,23.24,$0.86,0,0,0,0,0,http://wmsy.me/1k0qtac,-73.2656957,40.7668752,http://wmsy.me/1ifLEaI,-73.2285801,40.7383494,http://wmsy.me/RFrStN
Volkswagen Jetta,"June 12, 2014 at 01:20PM","June 12, 2014 at 01:25PM",1.25,13.75,$0.36,0,0,0,0,0,http://wmsy.me/TOGlnQ,-73.2285801,40.7383494,http://wmsy.me/RFrStN,-73.240866,40.745693,http://wmsy.me/1hBXpDr
Volkswagen Jetta,"June 12, 2014 at 01:27PM","June 12, 2014 at 01:35PM",2.53,19.8,$0.51,0,0,0,0,0,http://wmsy.me/1ljLcYx,-73.240866,40.745693,http://wmsy.me/1hBXpDr,-73.2656957,40.7668752,http://wmsy.me/1ifLEaI
Volkswagen Jetta,"June 12, 2014 at 06:44PM","June 12, 2014 at 07:32PM",42.02,28.85,$5.77,0,0,414,7,0,http://wmsy.me/1oZ2Ike,-73.2656957,40.7668752,http://wmsy.me/1ifLEaI,-73.9236762,40.7628992,http://wmsy.me/1jeHfiE
Volkswagen Jetta,"June 13, 2014 at 09:02AM","June 13, 2014 at 10:08AM",43.06,27.83,$6.13,0,0,8,0,0,http://wmsy.me/1qGeSjb,-73.9236762,40.7628992,http://wmsy.me/1jeHfiE,-73.2656957,40.7668752,http://wmsy.me/1ifLEaI
Volkswagen Jetta,"June 13, 2014 at 03:15PM","June 13, 2014 at 03:38PM",18.71,24.61,$3.1,0,0,267,38,0,http://wmsy.me/SGNrK7,-73.2656957,40.7668752,http://wmsy.me/1ifLEaI,-73.517996,40.8084836,http://wmsy.me/1qceATL
Volkswagen Jetta,"June 13, 2014 at 05:17PM","June 13, 2014 at 06:04PM",27.27,23.71,$4.61,3,0,5,0,0,http://wmsy.me/1qcCNcq,-73.517996,40.8084836,http://wmsy.me/1qceATL,-73.9236762,40.7628992,http://wmsy.me/1jeHfiE
Volkswagen Jetta,"June 14, 2014 at 07:54AM","June 14, 2014 at 08:07AM",1.38,9.64,$0.57,0,0,0,0,0,http://wmsy.me/1iwlPOI,-73.9236762,40.7628992,http://wmsy.me/1jeHfiE,-73.9073384,40.7682247,http://wmsy.me/1p13crT
Volkswagen Jetta,"June 14, 2014 at 08:10AM","June 14, 2014 at 09:55AM",70.36,25.63,$10.15,2,0,1159,245,23,http://wmsy.me/1hTNm1v,-73.9073384,40.7682247,http://wmsy.me/1p13crT,-74.084151,41.577593,http://wmsy.me/1nDM7CZ
Volkswagen Jetta,"June 14, 2014 at 10:08AM","June 14, 2014 at 11:04AM",63.17,30.33,$7.95,0,0,2215,439,3,http://wmsy.me/1p4SjDy,-74.084151,41.577593,http://wmsy.me/1nDM7CZ,-73.8057955,42.4289202,http://wmsy.me/1lxTNa5
Volkswagen Jetta,"June 14, 2014 at 11:14AM","June 14, 2014 at 12:10PM",54.12,28.87,$7.11,0,0,1085,138,6,http://wmsy.me/1hU8mFn,-73.8057955,42.4289202,http://wmsy.me/1lxTNa5,-73.8478253,43.0710245,http://wmsy.me/1mWdiGf
Volkswagen Jetta,"June 14, 2014 at 01:14PM","June 14, 2014 at 01:18PM",1.81,23.49,$0.29,0,0,0,0,0,http://wmsy.me/1qf2LfC,-73.8478253,43.0710245,http://wmsy.me/1mWdiGf,-73.8523315,43.0484147,http://wmsy.me/SJaBiV
Volkswagen Jetta,"June 14, 2014 at 01:32PM","June 14, 2014 at 01:37PM",1.85,23.22,$0.3,0,0,0,0,0,http://wmsy.me/1qf5nKr,-73.8523315,43.0484147,http://wmsy.me/SJaBiV,-73.84781,43.0709287,http://wmsy.me/1qf5lCk
Volkswagen Jetta,"June 15, 2014 at 11:00AM","June 15, 2014 at 11:13AM",4.08,17.57,$0.9,0,0,0,0,0,http://wmsy.me/1lohCwh,-73.84781,43.0709287,http://wmsy.me/1qf5lCk,-73.789374,43.082565,http://wmsy.me/1y4x4Yz
Volkswagen Jetta,"June 15, 2014 at 03:50PM","June 15, 2014 at 03:56PM",2.92,24.81,$0.48,0,0,0,0,0,http://wmsy.me/1otQQe9,-73.9242281,40.7985117,http://wmsy.me/1vnQxRO,-73.9073384,40.7682247,http://wmsy.me/1p13crT
Volkswagen Jetta,"June 15, 2014 at 03:59PM","June 15, 2014 at 04:08PM",1.3,13.52,$0.39,0,0,0,0,0,http://wmsy.me/1p5A9DN,-73.9073384,40.7682247,http://wmsy.me/1p13crT,-73.9236762,40.7628992,http://wmsy.me/1jeHfiE
Volkswagen Jetta,"June 15, 2014 at 05:39PM","June 15, 2014 at 06:17PM",10.41,19.25,$2.18,1,1,0,0,0,http://wmsy.me/1hYrAd6,-73.9236762,40.7628992,http://wmsy.me/1jeHfiE,-73.8205734,40.7782634,http://wmsy.me/1p7Qs0W
Volkswagen Jetta,"June 15, 2014 at 08:08PM","June 15, 2014 at 08:32PM",7.49,22.93,$1.32,0,0,0,0,0,http://wmsy.me/1n1uZEc,-73.8205734,40.7782634,http://wmsy.me/1p7Qs0W,-73.9236762,40.7628992,http://wmsy.me/1jeHfiE
Volkswagen Jetta,"June 16, 2014 at 09:25AM","June 16, 2014 at 10:23AM",44.43,27.79,$6.34,0,0,152,22,0,http://wmsy.me/1qVqWNu,-73.9236762,40.7628992,http://wmsy.me/1jeHfiE,-73.2656957,40.7668752,http://wmsy.me/1ifLEaI
Volkswagen Jetta,"June 16, 2014 at 02:25PM","June 16, 2014 at 02:44PM",3.07,16.65,$0.73,0,0,0,0,0,http://wmsy.me/1lsS9Cb,-73.2656957,40.7668752,http://wmsy.me/1ifLEaI,-73.2656957,40.7668752,http://wmsy.me/1ifLEaI
Volkswagen Jetta,"June 16, 2014 at 05:59PM","June 16, 2014 at 07:04PM",42.15,27.27,$6.13,0,0,69,0,0,http://wmsy.me/1oycbDn,-73.2656957,40.7668752,http://wmsy.me/1ifLEaI,-73.923343,40.762686,http://wmsy.me/1eDquSs
Volkswagen Jetta,"June 17, 2014 at 09:03AM","June 17, 2014 at 10:02AM",43.04,27.22,$6.28,1,0,85,0,0,http://wmsy.me/1lxiXRB,-73.923343,40.762686,http://wmsy.me/1eDquSs,-73.2656957,40.7668752,http://wmsy.me/1ifLEaI
Volkswagen Jetta,"July 10, 2014 at 09:25AM","July 10, 2014 at 10:15AM",42.69,27.54,$6.25,2,0,245,6,0,http://wmsy.me/1mCF0eH,-73.9236762,40.7628992,http://wmsy.me/1jeHfiE,-73.2656957,40.7668752,http://wmsy.me/1ifLEaI
Volkswagen Jetta,"July 10, 2014 at 01:49PM","July 10, 2014 at 01:54PM",1.5,20.68,$0.29,0,0,0,0,0,http://wmsy.me/1onbKpq,-73.264857,40.766932,http://wmsy.me/1ih2K8c,-73.263628,40.750689,http://wmsy.me/1onbKFI
Volkswagen Jetta,"July 10, 2014 at 10:15AM","July 10, 2014 at 10:16AM",0.25,19.79,$0.05,0,0,0,0,0,http://wmsy.me/1onbLcJ,-73.264857,40.766932,http://wmsy.me/1ih2K8c,-73.264857,40.766932,http://wmsy.me/1ih2K8c
Volkswagen Jetta,"July 10, 2014 at 01:59PM","July 10, 2014 at 02:04PM",1.59,17.67,$0.36,0,0,0,0,0,http://wmsy.me/1xZ6wXO,-73.263628,40.750689,http://wmsy.me/1onbKFI,-73.2656957,40.7668752,http://wmsy.me/1ifLEaI
Volkswagen Jetta,"July 10, 2014 at 05:03PM","July 10, 2014 at 06:26PM",44.71,23.28,$7.74,1,1,41,0,0,http://wmsy.me/1r0O6Fi,-73.2656957,40.7668752,http://wmsy.me/1ifLEaI,-73.9236762,40.7628992,http://wmsy.me/1jeHfiE
Volkswagen Jetta,"July 14, 2014 at 08:56AM","July 14, 2014 at 09:54AM",43.04,28.48,$6.06,1,0,234,0,0,http://wmsy.me/1ygVEoq,-73.9236762,40.7628992,http://wmsy.me/1jeHfiE,-73.2656957,40.7668752,http://wmsy.me/1ifLEaI
Volkswagen Jetta,"July 14, 2014 at 02:52PM","July 14, 2014 at 02:54PM",0.4,13.97,$0.11,0,0,0,0,0,http://wmsy.me/O7tF8Q,-73.2656957,40.7668752,http://wmsy.me/1ifLEaI,-73.26044,40.767229,http://wmsy.me/1oQrz8F
Volkswagen Jetta,"July 14, 2014 at 02:58PM","July 14, 2014 at 03:01PM",0.98,18.8,$0.21,0,0,0,0,0,http://wmsy.me/1oAqocR,-73.26044,40.767229,http://wmsy.me/1oQrz8F,-73.2656957,40.7668752,http://wmsy.me/1ifLEaI
Volkswagen Jetta,"July 14, 2014 at 05:58PM","July 14, 2014 at 07:01PM",43.63,27.91,$6.29,0,0,229,15,0,http://wmsy.me/WdyZfn,-73.2656957,40.7668752,http://wmsy.me/1ifLEaI,-73.9237762,40.7639944,http://wmsy.me/Wdz2aM
Volkswagen Jetta,"July 14, 2014 at 07:04PM","July 14, 2014 at 07:05PM",0.15,10.9,$0.06,0,0,0,0,0,http://wmsy.me/1wnrWLB,-73.9237762,40.7639944,http://wmsy.me/Wdz2aM,-73.9236762,40.7628992,http://wmsy.me/1jeHfiE
Volkswagen Jetta,"July 15, 2014 at 10:00AM","July 15, 2014 at 10:52AM",41.67,28.73,$5.8,1,0,222,14,0,http://wmsy.me/1zFjZWD,-73.923343,40.762686,http://wmsy.me/1eDquSs,-73.2656957,40.7668752,http://wmsy.me/1ifLEaI
Volkswagen Jetta,"July 15, 2014 at 02:24PM","July 15, 2014 at 02:33PM",3.65,18.9,$0.78,0,0,0,0,0,http://wmsy.me/1qd2XNE,-73.2656957,40.7668752,http://wmsy.me/1ifLEaI,-73.243127,40.739239,http://wmsy.me/1qd2Y40
Volkswagen Jetta,"July 15, 2014 at 03:27PM","July 15, 2014 at 03:38PM",3.92,18.47,$0.85,0,0,0,0,0,http://wmsy.me/1ntqDFz,-73.243127,40.739239,http://wmsy.me/1qd2Y40,-73.2656957,40.7668752,http://wmsy.me/1ifLEaI
Volkswagen Jetta,"July 15, 2014 at 06:25PM","July 15, 2014 at 07:25PM",43.18,28.22,$6.12,1,0,104,0,0,http://wmsy.me/1p4Ic1m,-73.2656957,40.7668752,http://wmsy.me/1ifLEaI,-73.9236762,40.7628992,http://wmsy.me/1jeHfiE
Volkswagen Jetta,"July 16, 2014 at 10:07AM","July 16, 2014 at 10:36AM",17.66,25.62,$2.81,0,0,45,0,0,http://wmsy.me/1naFYk5,-73.9236762,40.7628992,http://wmsy.me/1jeHfiE,-73.6495953,40.7833603,http://wmsy.me/1rqYvrz
Volkswagen Jetta,"July 16, 2014 at 10:39AM","July 16, 2014 at 11:05AM",24.07,29.36,$3.3,1,0,250,22,0,http://wmsy.me/1yrpPJt,-73.6495953,40.7833603,http://wmsy.me/1rqYvrz,-73.2656957,40.7668752,http://wmsy.me/1ifLEaI
Volkswagen Jetta,"July 16, 2014 at 02:07PM","July 16, 2014 at 02:18PM",4.95,20.91,$0.95,0,0,0,0,0,http://wmsy.me/1rhnErc,-73.2656957,40.7668752,http://wmsy.me/1ifLEaI,-73.2281023,40.7401857,http://wmsy.me/1rhnErh
Volkswagen Jetta,"July 16, 2014 at 03:02PM","July 16, 2014 at 03:13PM",4.71,21.53,$0.88,0,0,0,0,0,http://wmsy.me/1nbxQzS,-73.2281023,40.7401857,http://wmsy.me/1rhnErh,-73.2656957,40.7668752,http://wmsy.me/1ifLEaI
Volkswagen Jetta,"July 16, 2014 at 06:46PM","July 16, 2014 at 07:42PM",43.89,28.28,$6.2,0,0,248,0,0,http://wmsy.me/1jRcnvC,-73.2656957,40.7668752,http://wmsy.me/1ifLEaI,-73.923343,40.762686,http://wmsy.me/1eDquSs
Volkswagen Jetta,"July 17, 2014 at 08:42AM","July 17, 2014 at 09:53AM",42.98,25.29,$6.76,2,1,122,5,0,http://wmsy.me/1mXKUqV,-73.923343,40.762686,http://wmsy.me/1eDquSs,-73.2656957,40.7668752,http://wmsy.me/1ifLEaI
Volkswagen Jetta,"July 17, 2014 at 01:53PM","July 17, 2014 at 02:11PM",3.11,14.22,$0.88,0,0,0,0,0,http://wmsy.me/1mRN4ci,-73.2656957,40.7668752,http://wmsy.me/1ifLEaI,-73.2656957,40.7668752,http://wmsy.me/1ifLEaI
Volkswagen Jetta,"July 17, 2014 at 06:59PM","July 17, 2014 at 07:57PM",43.3,27.6,$6.24,0,0,152,7,0,http://wmsy.me/1p1q6ia,-73.2656957,40.7668752,http://wmsy.me/1ifLEaI,-73.9236762,40.7628992,http://wmsy.me/1jeHfiE
Volkswagen Jetta,"July 17, 2014 at 10:14PM","July 17, 2014 at 11:04PM",21.24,23.35,$3.66,1,0,0,0,0,http://wmsy.me/1mTKXoe,-73.9236762,40.7628992,http://wmsy.me/1jeHfiE,-73.9236762,40.7628992,http://wmsy.me/1jeHfiE
Volkswagen Jetta,"July 19, 2014 at 11:39AM","July 19, 2014 at 12:39PM",43.86,25.83,$6.86,2,0,121,0,0,http://wmsy.me/1tiwaEd,-73.923343,40.762686,http://wmsy.me/1eDquSs,-73.650493,41.17813,http://wmsy.me/1tiwcvL
Volkswagen Jetta,"July 19, 2014 at 08:13PM","July 19, 2014 at 09:07PM",39.08,28.72,$5.49,0,0,271,0,0,http://wmsy.me/1rs2C9o,-73.650493,41.17813,http://wmsy.me/1tiwcvL,-73.9236762,40.7628992,http://wmsy.me/1jeHfiE
Volkswagen Jetta,"July 21, 2014 at 09:21AM","July 21, 2014 at 10:15AM",44.93,28.81,$6.2,0,0,160,2,0,http://wmsy.me/1nu7Vn1,-73.9236762,40.7628992,http://wmsy.me/1jeHfiE,-73.2656957,40.7668752,http://wmsy.me/1ifLEaI
Volkswagen Jetta,"July 21, 2014 at 02:58PM","July 21, 2014 at 03:34PM",5.92,16.38,$1.45,0,0,0,0,0,http://wmsy.me/WsdQhj,-73.2656957,40.7668752,http://wmsy.me/1ifLEaI,-73.2656957,40.7668752,http://wmsy.me/1ifLEaI
Volkswagen Jetta,"July 21, 2014 at 06:11PM","July 21, 2014 at 06:15PM",1.24,16.78,$0.3,0,0,0,0,0,http://wmsy.me/1rEYyQR,-73.2787591,40.7721221,http://wmsy.me/1zYV40p,-73.2787591,40.7721221,http://wmsy.me/1zYV40p
Volkswagen Jetta,"July 21, 2014 at 06:19PM","July 21, 2014 at 07:12PM",42.88,27.68,$6.22,1,0,421,21,0,http://wmsy.me/1rEYC33,-73.2787591,40.7721221,http://wmsy.me/1zYV40p,-73.923343,40.762686,http://wmsy.me/1eDquSs
Volkswagen Jetta,"July 22, 2014 at 10:21AM","July 22, 2014 at 11:19AM",42.19,26.28,$6.39,2,0,89,0,0,http://wmsy.me/1lqDngu,-73.9236762,40.7628992,http://wmsy.me/1jeHfiE,-73.2656957,40.7668752,http://wmsy.me/1ifLEaI
Volkswagen Jetta,"July 22, 2014 at 02:23PM","July 22, 2014 at 02:56PM",5.24,12.41,$1.68,0,1,0,0,0,http://wmsy.me/1nbivhN,-73.2656957,40.7668752,http://wmsy.me/1ifLEaI,-73.26044,40.767229,http://wmsy.me/1oQrz8F
Volkswagen Jetta,"July 22, 2014 at 03:02PM","July 22, 2014 at 03:04PM",0.41,14.62,$0.11,0,0,0,0,0,http://wmsy.me/1njeS8N,-73.26044,40.767229,http://wmsy.me/1oQrz8F,-73.2656957,40.7668752,http://wmsy.me/1ifLEaI
Volkswagen Jetta,"July 22, 2014 at 06:35PM","July 22, 2014 at 07:33PM",43.2,27.19,$6.29,1,0,280,14,0,http://wmsy.me/1o7OIH4,-73.2656957,40.7668752,http://wmsy.me/1ifLEaI,-73.923343,40.762686,http://wmsy.me/1eDquSs
Volkswagen Jetta,"July 23, 2014 at 08:57AM","July 23, 2014 at 10:00AM",43.38,25.51,$6.73,1,0,112,0,0,http://wmsy.me/1mE9Gbs,-73.923343,40.762686,http://wmsy.me/1eDquSs,-73.2656957,40.7668752,http://wmsy.me/1ifLEaI
Volkswagen Jetta,"July 23, 2014 at 02:40PM","July 23, 2014 at 02:53PM",2.61,13.47,$0.75,1,0,0,0,0,http://wmsy.me/1ocP1jO,-73.2656957,40.7668752,http://wmsy.me/1ifLEaI,-73.247508,40.780662,http://wmsy.me/1ocP1jQ
Volkswagen Jetta,"July 23, 2014 at 02:58PM","July 23, 2014 at 03:00PM",0.16,8.28,$0.08,0,0,0,0,0,http://wmsy.me/1x2aaOd,-73.247508,40.780662,http://wmsy.me/1ocP1jQ,-73.246742,40.7793599,http://wmsy.me/1nqXDCE
Volkswagen Jetta,"July 23, 2014 at 03:04PM","July 23, 2014 at 03:11PM",1.83,16.72,$0.43,0,0,0,0,0,http://wmsy.me/1z3tWvA,-73.246742,40.7793599,http://wmsy.me/1nqXDCE,-73.2656957,40.7668752,http://wmsy.me/1ifLEaI
Volkswagen Jetta,"July 23, 2014 at 07:27PM","July 23, 2014 at 08:17PM",43.23,28.62,$5.98,1,0,345,0,0,http://wmsy.me/WFUkOn,-73.2656957,40.7668752,http://wmsy.me/1ifLEaI,-73.923343,40.762686,http://wmsy.me/1eDquSs
Volkswagen Jetta,"July 24, 2014 at 08:41AM","July 24, 2014 at 09:35AM",39.36,27.41,$5.76,0,0,108,0,0,http://wmsy.me/1z7CKkn,-73.923343,40.762686,http://wmsy.me/1eDquSs,-73.2873819,40.807555,http://wmsy.me/1ohinxp
Volkswagen Jetta,"July 24, 2014 at 09:38AM","July 24, 2014 at 09:48AM",3.76,23.25,$0.73,0,0,0,0,0,http://wmsy.me/UqfXkj,-73.2873819,40.807555,http://wmsy.me/1ohinxp,-73.2656957,40.7668752,http://wmsy.me/1ifLEaI
Volkswagen Jetta,"July 24, 2014 at 07:38PM","July 24, 2014 at 09:19PM",51.44,25.95,$7.83,0,0,291,5,0,http://wmsy.me/1ukBKdD,-73.2656957,40.7668752,http://wmsy.me/1ifLEaI,-73.9236762,40.7628992,http://wmsy.me/1jeHfiE
Volkswagen Jetta,"July 25, 2014 at 08:50AM","July 25, 2014 at 09:05AM",7.26,23.28,$1.25,0,0,1,0,0,http://wmsy.me/1t3zSV4,-73.9236762,40.7628992,http://wmsy.me/1jeHfiE,-73.822723,40.781439,http://wmsy.me/1t3zTbp
Volkswagen Jetta,"July 25, 2014 at 09:09AM","July 25, 2014 at 10:01AM",35.62,27.42,$5.19,1,0,121,0,0,http://wmsy.me/1jZdHMP,-73.822723,40.781439,http://wmsy.me/1t3zTbp,-73.2656957,40.7668752,http://wmsy.me/1ifLEaI
Volkswagen Jetta,"July 25, 2014 at 02:17PM","July 25, 2014 at 02:35PM",3.13,15.85,$0.79,0,1,0,0,0,http://wmsy.me/1oo0Y6q,-73.2656957,40.7668752,http://wmsy.me/1ifLEaI,-73.2656957,40.7668752,http://wmsy.me/1ifLEaI
Volkswagen Jetta,"July 25, 2014 at 05:55PM","July 25, 2014 at 07:22PM",48.55,24.03,$7.97,2,0,54,18,0,http://wmsy.me/Uz8b7l,-73.2656957,40.7668752,http://wmsy.me/1ifLEaI,-73.9236762,40.7628992,http://wmsy.me/1jeHfiE
Volkswagen Jetta,"July 28, 2014 at 09:00AM","July 28, 2014 at 10:03AM",43.14,28.7,$5.91,0,0,124,9,0,http://wmsy.me/1k3H4xx,-73.9236762,40.7628992,http://wmsy.me/1jeHfiE,-73.264857,40.766932,http://wmsy.me/1ih2K8c
Volkswagen Jetta,"July 28, 2014 at 06:38PM","July 28, 2014 at 07:33PM",43.74,26.9,$6.39,0,0,367,21,0,http://wmsy.me/1rZebCO,-73.2656957,40.7668752,http://wmsy.me/1ifLEaI,-73.923343,40.762686,http://wmsy.me/1eDquSs
Volkswagen Jetta,"July 29, 2014 at 01:09PM","July 29, 2014 at 01:13PM",1.29,18.09,$0.27,0,0,0,0,0,http://wmsy.me/1rC0d8L,-73.264857,40.766932,http://wmsy.me/1ih2K8c,-73.2595796,40.7786604,http://wmsy.me/1rC0fO5
Volkswagen Jetta,"July 29, 2014 at 01:19PM","July 29, 2014 at 01:30PM",2.32,16.46,$0.54,0,0,0,0,0,http://wmsy.me/Xaxv5D,-73.2595796,40.7786604,http://wmsy.me/1rC0fO5,-73.247077,40.780641,http://wmsy.me/1rC0h8o
Volkswagen Jetta,"July 29, 2014 at 09:50AM","July 29, 2014 at 09:51AM",0.35,23.55,$0.06,0,0,0,0,0,http://wmsy.me/1rC4h94,-73.862435,40.7671321,http://wmsy.me/XaClQu,-73.2656957,40.7668752,http://wmsy.me/1ifLEaI
Volkswagen Jetta,"July 29, 2014 at 01:50PM","July 29, 2014 at 02:06PM",1.17,8.04,$0.58,0,0,0,0,0,http://wmsy.me/1tohO8l,-73.247077,40.780641,http://wmsy.me/1rC0h8o,-73.248913,40.777394,http://wmsy.me/1tohMwZ
Volkswagen Jetta,"July 29, 2014 at 02:12PM","July 29, 2014 at 02:19PM",1.67,18.37,$0.35,0,0,0,0,0,http://wmsy.me/1oGZR1A,-73.248913,40.777394,http://wmsy.me/1tohMwZ,-73.2611847,40.768148,http://wmsy.me/1fl1w5d
Volkswagen Jetta,"July 29, 2014 at 02:29PM","July 29, 2014 at 02:34PM",0.96,17.15,$0.22,0,0,0,0,0,http://wmsy.me/1rYPIyu,-73.2611847,40.768148,http://wmsy.me/1fl1w5d,-73.2656957,40.7668752,http://wmsy.me/1ifLEaI
Volkswagen Jetta,"July 29, 2014 at 06:48PM","July 29, 2014 at 07:05PM",4.87,20.15,$0.94,0,0,0,0,0,http://wmsy.me/XbO80P,-73.2656957,40.7668752,http://wmsy.me/1ifLEaI,-73.24947,40.7206789,http://wmsy.me/1rDmkMb
Volkswagen Jetta,"July 29, 2014 at 09:12PM","July 29, 2014 at 10:35PM",49.03,26.66,$7.22,2,2,12,0,0,http://wmsy.me/1qJH8FH,-73.24947,40.7206789,http://wmsy.me/1rDmkMb,-73.9236762,40.7628992,http://wmsy.me/1jeHfiE
Volkswagen Jetta,"July 30, 2014 at 08:55AM","July 30, 2014 at 09:55AM",43.14,28.62,$5.91,2,0,174,13,0,http://wmsy.me/1nTBz5w,-73.9236762,40.7628992,http://wmsy.me/1jeHfiE,-73.2656957,40.7668752,http://wmsy.me/1ifLEaI
Volkswagen Jetta,"July 30, 2014 at 06:07PM","July 30, 2014 at 06:36PM",15.94,23.67,$2.71,0,0,61,0,0,http://wmsy.me/1k861b5,-73.2656957,40.7668752,http://wmsy.me/1ifLEaI,-73.503371,40.7985,http://wmsy.me/1qAgKsc
Volkswagen Jetta,"July 30, 2014 at 06:39PM","July 30, 2014 at 07:32PM",26.25,24.51,$4.23,0,0,47,4,0,http://wmsy.me/1oNemkH,-73.503371,40.7985,http://wmsy.me/1qAgKsc,-73.8982264,40.7083617,http://wmsy.me/1oNeoc9
Volkswagen Jetta,"July 30, 2014 at 10:24PM","July 30, 2014 at 10:47PM",6.07,17.86,$1.33,0,0,0,0,0,http://wmsy.me/1ocSqKQ,-73.8982264,40.7083617,http://wmsy.me/1oNeoc9,-73.923343,40.762686,http://wmsy.me/1eDquSs
Volkswagen Jetta,"July 31, 2014 at 09:17AM","July 31, 2014 at 10:12AM",45.03,29.31,$6,2,0,214,11,0,http://wmsy.me/1n6KSJj,-73.923343,40.762686,http://wmsy.me/1eDquSs,-73.2656957,40.7668752,http://wmsy.me/1ifLEaI
Volkswagen Jetta,"July 31, 2014 at 02:05PM","July 31, 2014 at 02:41PM",9.4,16.73,$2.15,2,0,0,0,0,http://wmsy.me/1nOeqjR,-73.2656957,40.7668752,http://wmsy.me/1ifLEaI,-73.246742,40.7793599,http://wmsy.me/1nqXDCE
Volkswagen Jetta,"July 31, 2014 at 03:21PM","July 31, 2014 at 03:25PM",1.55,24.92,$0.24,0,0,0,0,0,http://wmsy.me/XkXdoc,-73.246742,40.7793599,http://wmsy.me/1nqXDCE,-73.26044,40.767229,http://wmsy.me/1oQrz8F
Volkswagen Jetta,"July 31, 2014 at 03:30PM","July 31, 2014 at 03:32PM",0.41,14.97,$0.11,0,0,0,0,0,http://wmsy.me/1zAHsao,-73.26044,40.767229,http://wmsy.me/1oQrz8F,-73.26044,40.767229,http://wmsy.me/1oQrz8F
Volkswagen Jetta,"July 31, 2014 at 05:43PM","July 31, 2014 at 07:01PM",45.24,25.24,$6.99,2,0,25,0,0,http://wmsy.me/1zAHtv9,-73.26044,40.767229,http://wmsy.me/1oQrz8F,-73.9236762,40.7628992,http://wmsy.me/1jeHfiE
Volkswagen Jetta,"August 01, 2014 at 11:56AM","August 01, 2014 at 12:07PM",3.28,17.39,$0.75,1,0,0,0,0,http://wmsy.me/1xKX4W9,-73.264857,40.766932,http://wmsy.me/1ih2K8c,-73.263889,40.805707,http://wmsy.me/1kb7AVP
Volkswagen Jetta,"August 01, 2014 at 09:53AM","August 01, 2014 at 09:54AM",0.14,23.09,$0.02,0,0,0,0,0,http://wmsy.me/1onbLcJ,-73.264857,40.766932,http://wmsy.me/1ih2K8c,-73.264857,40.766932,http://wmsy.me/1ih2K8c
Volkswagen Jetta,"August 01, 2014 at 01:54PM","August 01, 2014 at 02:20PM",6.94,18.07,$1.51,0,0,0,0,0,http://wmsy.me/1oWjZgx,-73.263889,40.805707,http://wmsy.me/1kb7AVP,-73.2656957,40.7668752,http://wmsy.me/1ifLEaI
Volkswagen Jetta,"August 01, 2014 at 05:32PM","August 01, 2014 at 06:44PM",45.6,25.92,$6.85,1,0,20,0,0,http://wmsy.me/1uQQL7e,-73.2656957,40.7668752,http://wmsy.me/1ifLEaI,-73.9236762,40.7628992,http://wmsy.me/1jeHfiE
Volkswagen Jetta,"August 01, 2014 at 09:47PM","August 01, 2014 at 10:05PM",7.39,25.94,$1.13,0,0,0,0,0,http://wmsy.me/1qAKuWF,-73.8202828,40.7782814,http://wmsy.me/1uRdaRS,-73.9236762,40.7628992,http://wmsy.me/1jeHfiE
Volkswagen Jetta,"August 01, 2014 at 08:19PM","August 01, 2014 at 08:20PM",0.08,9.07,$0.03,0,0,0,0,0,http://wmsy.me/1oXICJx,-73.8202828,40.7782814,http://wmsy.me/1uRdaRS,-73.8202828,40.7782814,http://wmsy.me/1uRdaRS
Volkswagen Jetta,"August 04, 2014 at 09:02AM","August 04, 2014 at 09:58AM",45.39,30.5,$5.76,0,0,107,0,0,http://wmsy.me/1s4LLd7,-73.9236762,40.7628992,http://wmsy.me/1jeHfiE,-73.2656957,40.7668752,http://wmsy.me/1ifLEaI
Volkswagen Jetta,"August 04, 2014 at 11:59AM","August 04, 2014 at 12:08PM",3.53,21.39,$0.64,0,0,0,0,0,http://wmsy.me/1smo4dX,-73.2656957,40.7668752,http://wmsy.me/1ifLEaI,-73.24302,40.738976,http://wmsy.me/1p50CSz
Volkswagen Jetta,"August 04, 2014 at 01:23PM","August 04, 2014 at 01:33PM",3.86,20.05,$0.75,0,0,0,0,0,http://wmsy.me/1s5sHeW,-73.24302,40.738976,http://wmsy.me/1p50CSz,-73.2656957,40.7668752,http://wmsy.me/1ifLEaI
Volkswagen Jetta,"August 04, 2014 at 06:29PM","August 04, 2014 at 06:45PM",4.33,16.01,$1.07,0,0,0,0,0,http://wmsy.me/1omJrqi,-73.2656957,40.7668752,http://wmsy.me/1ifLEaI,-73.3048126,40.7634264,http://wmsy.me/WXljp0
Volkswagen Jetta,"August 04, 2014 at 07:48PM","August 04, 2014 at 08:02PM",3.97,18.31,$0.86,0,0,0,0,0,http://wmsy.me/UXvPdU,-73.3048126,40.7634264,http://wmsy.me/WXljp0,-73.295182,40.805364,http://wmsy.me/1o8wPrK
Volkswagen Jetta,"August 04, 2014 at 08:04PM","August 04, 2014 at 08:46PM",37,30.58,$4.76,0,0,3,0,0,http://wmsy.me/1mh4M4U,-73.295182,40.805364,http://wmsy.me/1o8wPrK,-73.9236762,40.7628992,http://wmsy.me/1jeHfiE
Volkswagen Jetta,"August 05, 2014 at 08:53AM","August 05, 2014 at 09:52AM",43.15,27.87,$5.98,2,0,87,0,0,http://wmsy.me/URbJCx,-73.9236762,40.7628992,http://wmsy.me/1jeHfiE,-73.2656957,40.7668752,http://wmsy.me/1ifLEaI
Volkswagen Jetta,"August 05, 2014 at 12:33PM","August 05, 2014 at 12:35PM",0.41,13.84,$0.12,0,0,0,0,0,http://wmsy.me/O7tF8Q,-73.2656957,40.7668752,http://wmsy.me/1ifLEaI,-73.26044,40.767229,http://wmsy.me/1oQrz8F
Volkswagen Jetta,"August 05, 2014 at 08:31PM","August 05, 2014 at 08:50PM",7.34,20.25,$1.42,0,0,0,0,0,http://wmsy.me/1s9UBpS,-73.8207691,40.7782998,http://wmsy.me/1nqk5Yr,-73.9236762,40.7628992,http://wmsy.me/1jeHfiE
Volkswagen Jetta,"August 06, 2014 at 06:54AM","August 06, 2014 at 08:15AM",73.17,30.35,$8.47,2,0,1606,37,0,http://wmsy.me/1kGOlny,-73.9236762,40.7628992,http://wmsy.me/1jeHfiE,-74.63278,40.17992,http://wmsy.me/1eedGC5
Volkswagen Jetta,"August 06, 2014 at 08:20AM","August 06, 2014 at 08:57AM",31.19,29.7,$3.7,0,0,555,33,0,http://wmsy.me/1vav4iy,-74.63278,40.17992,http://wmsy.me/1eedGC5,-75.1334895,40.1803709,http://wmsy.me/1nrZZx8
Volkswagen Jetta,"August 06, 2014 at 09:00AM","August 06, 2014 at 09:06AM",1.45,16.28,$0.32,0,0,0,0,0,http://wmsy.me/1kGXEDS,-75.1334895,40.1803709,http://wmsy.me/1nrZZx8,-75.148939,40.1676958,http://wmsy.me/1mlZqoS
Volkswagen Jetta,"August 06, 2014 at 06:18PM","August 06, 2014 at 06:30PM",2.46,13.75,$0.62,0,0,0,0,0,http://wmsy.me/1oEkwTG,-75.148939,40.1676958,http://wmsy.me/1mlZqoS,-75.1214817,40.1558099,http://wmsy.me/1oEkv28
Volkswagen Jetta,"August 06, 2014 at 08:07PM","August 06, 2014 at 09:55PM",103.33,31.48,$11.52,0,0,1105,0,0,http://wmsy.me/1nu8ZSd,-75.1214817,40.1558099,http://wmsy.me/1oEkv28,-73.9236762,40.7628992,http://wmsy.me/1jeHfiE
Volkswagen Jetta,"August 07, 2014 at 09:55AM","August 07, 2014 at 09:57AM",0.28,16.84,$0.07,0,0,0,0,0,http://wmsy.me/1onbLcJ,-73.264857,40.766932,http://wmsy.me/1ih2K8c,-73.264857,40.766932,http://wmsy.me/1ih2K8c
Volkswagen Jetta,"August 07, 2014 at 12:44PM","August 07, 2014 at 12:56PM",3.97,20.14,$0.78,1,0,0,0,0,http://wmsy.me/1sB0nig,-73.264857,40.766932,http://wmsy.me/1ih2K8c,-73.2285891,40.7386114,http://wmsy.me/1kLqRO5
Volkswagen Jetta,"August 07, 2014 at 01:31PM","August 07, 2014 at 01:47PM",5.21,19.43,$1.06,1,0,0,0,0,http://wmsy.me/1kLAiNw,-73.2285891,40.7386114,http://wmsy.me/1kLqRO5,-73.2414919,40.745567,http://wmsy.me/V1iCkO
Volkswagen Jetta,"August 07, 2014 at 01:50PM","August 07, 2014 at 02:01PM",4.46,23,$0.77,2,0,0,0,0,http://wmsy.me/1AXX2OV,-73.2414919,40.745567,http://wmsy.me/V1iCkO,-73.2656957,40.7668752,http://wmsy.me/1ifLEaI
Volkswagen Jetta,"August 07, 2014 at 07:28PM","August 07, 2014 at 08:23PM",41.92,28.2,$5.72,0,1,151,0,0,http://wmsy.me/1omdbJ2,-73.2656957,40.7668752,http://wmsy.me/1ifLEaI,-73.923343,40.762686,http://wmsy.me/1eDquSs
Volkswagen Jetta,"August 08, 2014 at 07:39AM","August 08, 2014 at 08:35AM",43.17,29.24,$5.69,0,0,71,0,0,http://wmsy.me/1r5QdEg,-73.9236762,40.7628992,http://wmsy.me/1jeHfiE,-73.2656957,40.7668752,http://wmsy.me/1ifLEaI
Volkswagen Jetta,"August 08, 2014 at 11:45AM","August 08, 2014 at 01:01PM",48.88,26.61,$7.08,1,0,11,0,0,http://wmsy.me/1ydJgnd,-73.2656957,40.7668752,http://wmsy.me/1ifLEaI,-73.9236762,40.7628992,http://wmsy.me/1jeHfiE
Volkswagen Jetta,"August 09, 2014 at 04:44PM","August 09, 2014 at 05:09PM",9.75,19.39,$1.94,0,0,0,0,0,http://wmsy.me/V7YE7V,-73.9236762,40.7628992,http://wmsy.me/1jeHfiE,-73.8498829,40.6979575,http://wmsy.me/V7YE7X
Volkswagen Jetta,"August 09, 2014 at 08:56PM","August 09, 2014 at 09:22PM",11.25,21.08,$2.06,3,0,0,0,0,http://wmsy.me/1sKuAeH,-73.8498829,40.6979575,http://wmsy.me/V7YE7X,-73.923478,40.762506,http://wmsy.me/1sKuxj1
Volkswagen Jetta,"August 10, 2014 at 03:42PM","August 10, 2014 at 04:12PM",9.97,18.96,$2.03,1,0,0,0,0,http://wmsy.me/1plkZe4,-73.9237615,40.7626463,http://wmsy.me/1uDugi9,-73.852062,40.696452,http://wmsy.me/1plkZe6
Volkswagen Jetta,"August 10, 2014 at 08:26PM","August 10, 2014 at 08:55PM",10.73,20.59,$2.01,0,0,0,0,0,http://wmsy.me/1ssooKM,-73.852062,40.696452,http://wmsy.me/1plkZe6,-73.9236762,40.7628992,http://wmsy.me/1jeHfiE
Volkswagen Jetta,"August 11, 2014 at 09:07AM","August 11, 2014 at 10:06AM",43.16,27.05,$6.13,1,0,39,1,0,http://wmsy.me/1uiayeB,-73.9236762,40.7628992,http://wmsy.me/1jeHfiE,-73.2656957,40.7668752,http://wmsy.me/1ifLEaI
Volkswagen Jetta,"August 11, 2014 at 02:50PM","August 11, 2014 at 02:53PM",0.4,9.97,$0.16,0,0,0,0,0,http://wmsy.me/1nJaA6S,-73.2656957,40.7668752,http://wmsy.me/1ifLEaI,-73.261455,40.7681853,http://wmsy.me/XXwq1s
Volkswagen Jetta,"August 11, 2014 at 02:58PM","August 11, 2014 at 03:00PM",0.4,15.68,$0.1,0,0,0,0,0,http://wmsy.me/1nJbPD8,-73.261455,40.7681853,http://wmsy.me/XXwq1s,-73.2656957,40.7668752,http://wmsy.me/1ifLEaI
Volkswagen Jetta,"August 11, 2014 at 06:13PM","August 11, 2014 at 07:11PM",41.32,27.28,$5.82,1,0,305,20,0,http://wmsy.me/VgNLQZ,-73.2656957,40.7668752,http://wmsy.me/1ifLEaI,-73.9201809,40.7435042,http://wmsy.me/1oEMXl8
Volkswagen Jetta,"August 11, 2014 at 09:15PM","August 11, 2014 at 09:28PM",2.18,12.57,$0.67,0,0,0,0,0,http://wmsy.me/1kXYv3e,-73.9201809,40.7435042,http://wmsy.me/1oEMXl8,-73.9236762,40.7628992,http://wmsy.me/1jeHfiE
Volkswagen Jetta,"August 12, 2014 at 08:42PM","August 12, 2014 at 08:45PM",0.14,5.12,$0.09,0,0,0,0,0,http://wmsy.me/1sWlhID,-74.245538,40.92599,http://wmsy.me/1BcHjM0,-74.246266,40.925369,http://wmsy.me/1sWlhIH
Volkswagen Jetta,"August 12, 2014 at 08:45PM","August 12, 2014 at 09:26PM",30.43,27.6,$3.79,0,0,58,0,0,http://wmsy.me/1nNkCnq,-74.246266,40.925369,http://wmsy.me/1sWlhIH,-73.9236762,40.7628992,http://wmsy.me/1jeHfiE
Volkswagen Jetta,"August 13, 2014 at 06:53AM","August 13, 2014 at 06:55AM",0.11,4.02,$0.11,0,0,0,0,0,http://wmsy.me/1sBAaT7,-73.9236762,40.7628992,http://wmsy.me/1jeHfiE,-73.9250191,40.7616928,http://wmsy.me/1sBAaTb
Volkswagen Jetta,"August 13, 2014 at 07:01AM","August 13, 2014 at 07:48AM",28.89,25.6,$3.82,1,0,0,0,0,http://wmsy.me/1vH3eL3,-73.9250191,40.7616928,http://wmsy.me/1sBAaTb,-74.2424319,40.910263,http://wmsy.me/1vH3eL5
Volkswagen Jetta,"August 13, 2014 at 01:37PM","August 13, 2014 at 02:18PM",27.91,26.79,$3.53,1,0,54,6,0,http://wmsy.me/1BeDSob,-74.2424319,40.910263,http://wmsy.me/1vH3eL5,-73.9236762,40.7628992,http://wmsy.me/1jeHfiE
Volkswagen Jetta,"August 14, 2014 at 09:13AM","August 14, 2014 at 10:13AM",43.19,28.12,$5.87,2,0,117,11,0,http://wmsy.me/1vMIr8Q,-73.9236762,40.7628992,http://wmsy.me/1jeHfiE,-73.2656957,40.7668752,http://wmsy.me/1ifLEaI
Volkswagen Jetta,"August 14, 2014 at 06:38PM","August 14, 2014 at 07:53PM",45.75,25.91,$6.74,2,0,70,6,0,http://wmsy.me/1oT7T82,-73.2656957,40.7668752,http://wmsy.me/1ifLEaI,-73.9236762,40.7628992,http://wmsy.me/1jeHfiE
Volkswagen Jetta,"August 15, 2014 at 08:38AM","August 15, 2014 at 09:36AM",43.19,28.06,$5.98,0,0,157,0,0,http://wmsy.me/1phUplL,-73.9236762,40.7628992,http://wmsy.me/1jeHfiE,-73.551536,40.781621,http://wmsy.me/1mRtCbN
Volkswagen Jetta,"August 15, 2014 at 01:47PM","August 15, 2014 at 01:49PM",0.41,14.17,$0.11,0,0,0,0,0,http://wmsy.me/1phUrtW,-73.264857,40.766932,http://wmsy.me/1ih2K8c,-73.2610876,40.7681241,http://wmsy.me/1mRtGrS
Volkswagen Jetta,"August 15, 2014 at 01:59PM","August 15, 2014 at 02:03PM",0.96,19.94,$0.19,0,0,0,0,0,http://wmsy.me/1rBABbL,-73.2611847,40.768148,http://wmsy.me/1fl1w5d,-73.264857,40.766932,http://wmsy.me/1ih2K8c
Volkswagen Jetta,"August 15, 2014 at 08:07PM","August 15, 2014 at 09:15PM",46.01,28.05,$6.26,2,1,62,0,0,http://wmsy.me/1nXZUS8,-73.2656957,40.7668752,http://wmsy.me/1ifLEaI,-73.9236762,40.7628992,http://wmsy.me/1jeHfiE
Volkswagen Jetta,"August 16, 2014 at 11:24AM","August 16, 2014 at 11:31AM",0.85,9.79,$0.33,0,0,0,0,0,http://wmsy.me/1oDO9WR,-73.9236762,40.7628992,http://wmsy.me/1jeHfiE,-73.923478,40.762506,http://wmsy.me/1sKuxj1
Volkswagen Jetta,"August 17, 2014 at 10:45AM","August 17, 2014 at 11:31AM",17.33,19.43,$3.47,0,0,0,0,0,http://wmsy.me/1oGE5wn,-73.923478,40.762506,http://wmsy.me/1sKuxj1,-73.8205734,40.7782634,http://wmsy.me/1p7Qs0W
Volkswagen Jetta,"August 17, 2014 at 12:15PM","August 17, 2014 at 12:50PM",15.34,22.49,$2.61,0,0,0,0,0,http://wmsy.me/1BqxMkP,-73.8206105,40.778265,http://wmsy.me/1rJgVmt,-73.978669,40.686993,http://wmsy.me/1BqxMB3
Volkswagen Jetta,"August 17, 2014 at 05:07PM","August 17, 2014 at 05:42PM",8.34,14.88,$2.1,0,0,0,0,0,http://wmsy.me/1pDfdF3,-73.978669,40.686993,http://wmsy.me/1BqxMB3,-73.8514077,40.6963494,http://wmsy.me/1v5DunK
Volkswagen Jetta,"August 17, 2014 at 07:35PM","August 17, 2014 at 07:59PM",8.9,20.01,$1.7,0,0,0,0,0,http://wmsy.me/YmifDd,-73.8514077,40.6963494,http://wmsy.me/1v5DunK,-73.923343,40.762686,http://wmsy.me/1eDquSs
Volkswagen Jetta,"August 18, 2014 at 09:36AM","August 18, 2014 at 09:54AM",11.15,25.27,$1.7,1,0,0,0,0,http://wmsy.me/1kOjqFy,-73.923343,40.762686,http://wmsy.me/1eDquSs,-73.7717893,40.7236341,http://wmsy.me/1n1vBu8
Volkswagen Jetta,"August 18, 2014 at 09:57AM","August 18, 2014 at 10:33AM",33.91,30.37,$4.23,0,0,200,4,0,http://wmsy.me/1BtCnCy,-73.7717893,40.7236341,http://wmsy.me/1n1vBu8,-73.2656957,40.7668752,http://wmsy.me/1ifLEaI
Volkswagen Jetta,"August 18, 2014 at 01:18PM","August 18, 2014 at 01:22PM",0.97,21.2,$0.18,0,0,0,0,0,http://wmsy.me/1rOfIKC,-73.2610876,40.7681241,http://wmsy.me/1mRtGrS,-73.2656957,40.7668752,http://wmsy.me/1ifLEaI
Volkswagen Jetta,"August 18, 2014 at 01:11PM","August 18, 2014 at 01:13PM",0.42,15.95,$0.1,0,0,0,0,0,http://wmsy.me/1rOfRgZ,-73.2656957,40.7668752,http://wmsy.me/1ifLEaI,-73.2610876,40.7681241,http://wmsy.me/1mRtGrS
Volkswagen Jetta,"August 18, 2014 at 07:45PM","August 18, 2014 at 08:38PM",43.94,29.03,$5.74,0,0,190,0,0,http://wmsy.me/1rPQQC6,-73.2656957,40.7668752,http://wmsy.me/1ifLEaI,-73.9236762,40.7628992,http://wmsy.me/1jeHfiE
Volkswagen Jetta,"August 19, 2014 at 10:08AM","August 19, 2014 at 10:58AM",41.81,29.02,$5.46,0,0,216,11,0,http://wmsy.me/1pHV5Bt,-73.9236762,40.7628992,http://wmsy.me/1jeHfiE,-73.2656957,40.7668752,http://wmsy.me/1ifLEaI
Volkswagen Jetta,"August 19, 2014 at 01:29PM","August 19, 2014 at 01:31PM",0.4,14.35,$0.11,0,0,0,0,0,http://wmsy.me/1AvuNG6,-73.2656957,40.7668752,http://wmsy.me/1ifLEaI,-73.2615644,40.7682123,http://wmsy.me/1uSGuXj
Volkswagen Jetta,"August 19, 2014 at 07:52PM","August 19, 2014 at 08:37PM",36.94,29.72,$4.74,1,0,130,2,0,http://wmsy.me/1w6SeXy,-73.264857,40.766932,http://wmsy.me/1ih2K8c,-73.8199179,40.7782426,http://wmsy.me/1w6SeXE
Volkswagen Jetta,"August 19, 2014 at 01:38PM","August 19, 2014 at 01:39PM",0.37,21.82,$0.07,0,0,0,0,0,http://wmsy.me/1onbLcJ,-73.264857,40.766932,http://wmsy.me/1ih2K8c,-73.264857,40.766932,http://wmsy.me/1ih2K8c
Volkswagen Jetta,"August 19, 2014 at 08:42PM","August 19, 2014 at 09:00PM",7.46,22.91,$1.25,0,0,0,0,0,http://wmsy.me/1kT9Ykc,-73.8199179,40.7782426,http://wmsy.me/1w6SeXE,-73.9236762,40.7628992,http://wmsy.me/1jeHfiE
Volkswagen Jetta,"August 21, 2014 at 09:33AM","August 21, 2014 at 10:19AM",44.22,30.01,$5.57,0,0,276,4,0,http://wmsy.me/1oUQa0T,-73.9236762,40.7628992,http://wmsy.me/1jeHfiE,-73.2656957,40.7668752,http://wmsy.me/1ifLEaI
Volkswagen Jetta,"August 21, 2014 at 12:55PM","August 21, 2014 at 01:14PM",3.14,15.09,$0.79,0,0,0,0,0,http://wmsy.me/1z7jem1,-73.2656957,40.7668752,http://wmsy.me/1ifLEaI,-73.2656957,40.7668752,http://wmsy.me/1ifLEaI
Volkswagen Jetta,"August 21, 2014 at 06:24PM","August 21, 2014 at 07:22PM",43.31,28.38,$5.77,1,1,349,40,0,http://wmsy.me/1oWpcpV,-73.2656957,40.7668752,http://wmsy.me/1ifLEaI,-73.923343,40.762686,http://wmsy.me/1eDquSs
Volkswagen Jetta,"August 22, 2014 at 11:29AM","August 22, 2014 at 01:44PM",77.15,25.45,$10.66,2,1,224,7,0,http://wmsy.me/1zd9832,-73.923343,40.762686,http://wmsy.me/1eDquSs,-74.0862698,41.5781398,http://wmsy.me/1BKPr6U
Volkswagen Jetta,"August 22, 2014 at 02:00PM","August 22, 2014 at 02:02PM",0.09,6.41,$0.05,0,0,0,0,0,http://wmsy.me/1sbjs95,-74.0862698,41.5781398,http://wmsy.me/1BKPr6U,-74.0862698,41.5781398,http://wmsy.me/1BKPr6U
Volkswagen Jetta,"August 22, 2014 at 02:05PM","August 22, 2014 at 04:31PM",120.06,29.32,$14.99,0,0,2111,438,0,http://wmsy.me/1ze2rxz,-74.0862698,41.5781398,http://wmsy.me/1BKPr6U,-73.847291,43.0709469,http://wmsy.me/1pRvZQG
Volkswagen Jetta,"August 24, 2014 at 11:37AM","August 24, 2014 at 01:38PM",111.15,29.97,$13.54,0,0,432,0,0,http://wmsy.me/XJYBBe,-73.847291,43.0709469,http://wmsy.me/1pRvZQG,-73.765558,41.778562,http://wmsy.me/XJYB44
Volkswagen Jetta,"August 24, 2014 at 01:47PM","August 24, 2014 at 03:58PM",94.59,28.28,$12.83,0,0,111,0,0,http://wmsy.me/1wpe6xE,-73.765558,41.778562,http://wmsy.me/XJYB44,-73.8202828,40.7782814,http://wmsy.me/1uRdaRS
Volkswagen Jetta,"August 24, 2014 at 06:05PM","August 24, 2014 at 06:25PM",7.62,20.12,$1.44,0,0,0,0,0,http://wmsy.me/1ALm82p,-73.8202828,40.7782814,http://wmsy.me/1uRdaRS,-73.9236762,40.7628992,http://wmsy.me/1jeHfiE
Volkswagen Jetta,"August 25, 2014 at 10:54AM","August 25, 2014 at 11:46AM",41.69,28.39,$5.54,0,0,61,13,0,http://wmsy.me/1hoOQP5,-73.9236762,40.7628992,http://wmsy.me/1jeHfiE,-73.2656957,40.7668752,http://wmsy.me/1ifLEaI
Volkswagen Jetta,"August 25, 2014 at 02:08PM","August 25, 2014 at 02:10PM",0.4,15.52,$0.1,0,0,0,0,0,http://wmsy.me/1nJaA6S,-73.2656957,40.7668752,http://wmsy.me/1ifLEaI,-73.261455,40.7681853,http://wmsy.me/XXwq1s
Volkswagen Jetta,"August 25, 2014 at 02:16PM","August 25, 2014 at 02:18PM",0.44,16.12,$0.1,0,0,0,0,0,http://wmsy.me/1wsK7Vt,-73.261455,40.7681853,http://wmsy.me/XXwq1s,-73.262147,40.762182,http://wmsy.me/1tCcFY0
Volkswagen Jetta,"August 25, 2014 at 02:21PM","August 25, 2014 at 02:28PM",2.43,23.04,$0.4,0,0,0,0,0,http://wmsy.me/1vGqdlS,-73.262147,40.762182,http://wmsy.me/1tCcFY0,-73.2656957,40.7668752,http://wmsy.me/1ifLEaI
Volkswagen Jetta,"August 25, 2014 at 07:36PM","August 25, 2014 at 08:27PM",41.87,28.6,$5.52,0,0,141,10,0,http://wmsy.me/1qHXJ6P,-73.2656957,40.7668752,http://wmsy.me/1ifLEaI,-73.9236762,40.7628992,http://wmsy.me/1jeHfiE
Volkswagen Jetta,"August 26, 2014 at 09:50AM","August 26, 2014 at 10:44AM",43.42,27.36,$5.98,0,0,250,3,0,http://wmsy.me/1qoSTit,-73.9236762,40.7628992,http://wmsy.me/1jeHfiE,-73.2656957,40.7668752,http://wmsy.me/1ifLEaI
Volkswagen Jetta,"August 26, 2014 at 01:48PM","August 26, 2014 at 01:50PM",0.25,11.94,$0.08,0,0,0,0,0,http://wmsy.me/1BZnx7i,-73.2656957,40.7668752,http://wmsy.me/1ifLEaI,-73.2610121,40.7676361,http://wmsy.me/1BZnw3a
Volkswagen Jetta,"August 26, 2014 at 01:57PM","August 26, 2014 at 02:00PM",0.96,15.26,$0.24,0,0,0,0,0,http://wmsy.me/1zzwBLT,-73.2610121,40.7676361,http://wmsy.me/1BZnw3a,-73.2656957,40.7668752,http://wmsy.me/1ifLEaI
Volkswagen Jetta,"August 26, 2014 at 05:53PM","August 26, 2014 at 07:21PM",43.34,23.56,$6.93,0,0,45,0,0,http://wmsy.me/1tayTCW,-73.2656957,40.7668752,http://wmsy.me/1ifLEaI,-73.9236762,40.7628992,http://wmsy.me/1jeHfiE
Volkswagen Jetta,"August 27, 2014 at 10:06AM","August 27, 2014 at 10:07AM",0.09,14.51,$0.02,0,0,0,0,0,http://wmsy.me/1onbLcJ,-73.264857,40.766932,http://wmsy.me/1ih2K8c,-73.264857,40.766932,http://wmsy.me/1ih2K8c
Volkswagen Jetta,"August 27, 2014 at 02:55PM","August 27, 2014 at 02:57PM",0.18,12,$0.06,0,0,0,0,0,http://wmsy.me/1qybSHw,-73.264857,40.766932,http://wmsy.me/1ih2K8c,-73.26044,40.767229,http://wmsy.me/1oQrz8F
Volkswagen Jetta,"August 27, 2014 at 03:01PM","August 27, 2014 at 03:03PM",0.4,15.15,$0.1,0,0,0,0,0,http://wmsy.me/1njeS8N,-73.26044,40.767229,http://wmsy.me/1oQrz8F,-73.2656957,40.7668752,http://wmsy.me/1ifLEaI
Volkswagen Jetta,"August 27, 2014 at 06:17PM","August 27, 2014 at 07:31PM",44.65,24.93,$6.74,0,0,318,10,0,http://wmsy.me/1mUb6Qq,-73.2656957,40.7668752,http://wmsy.me/1ifLEaI,-73.9236762,40.7628992,http://wmsy.me/1jeHfiE
Volkswagen Jetta,"August 28, 2014 at 10:58AM","August 28, 2014 at 11:05AM",1,10.29,$0.36,1,0,0,0,0,http://wmsy.me/1q8lmJE,-73.9236762,40.7628992,http://wmsy.me/1jeHfiE,-73.912676,40.75374,http://wmsy.me/1nIJayZ
Volkswagen Jetta,"August 28, 2014 at 11:14AM","August 28, 2014 at 11:24AM",1.36,11.23,$0.45,1,0,0,0,0,http://wmsy.me/1pM3R1H,-73.912676,40.75374,http://wmsy.me/1nIJayZ,-73.9236762,40.7628992,http://wmsy.me/1jeHfiE
Volkswagen Jetta,"August 29, 2014 at 07:28AM","August 29, 2014 at 08:23AM",43.1,28.65,$5.66,0,0,143,1,0,http://wmsy.me/1u4t6vH,-73.9236762,40.7628992,http://wmsy.me/1jeHfiE,-73.2656957,40.7668752,http://wmsy.me/1ifLEaI
Volkswagen Jetta,"August 29, 2014 at 01:45PM","August 29, 2014 at 01:58PM",3.08,18.47,$0.63,0,0,0,0,0,http://wmsy.me/1pR0bvH,-73.2656957,40.7668752,http://wmsy.me/1ifLEaI,-73.2656957,40.7668752,http://wmsy.me/1ifLEaI
Volkswagen Jetta,"August 29, 2014 at 03:29PM","August 29, 2014 at 04:34PM",44.66,27.5,$6.11,2,1,150,7,0,http://wmsy.me/VTyCWj,-73.2656957,40.7668752,http://wmsy.me/1ifLEaI,-73.923343,40.762686,http://wmsy.me/1eDquSs
Volkswagen Jetta,"August 30, 2014 at 01:34PM","August 30, 2014 at 02:03PM",6.23,13.71,$1.71,1,0,0,0,0,http://wmsy.me/1tYlnQK,-73.9236762,40.7628992,http://wmsy.me/1jeHfiE,-73.8993514,40.7021421,http://wmsy.me/1pu4Q7t
Volkswagen Jetta,"August 30, 2014 at 02:53PM","August 30, 2014 at 02:57PM",0.51,10.72,$0.18,0,0,0,0,0,http://wmsy.me/1CdEZVH,-73.8993514,40.7021421,http://wmsy.me/1pu4Q7t,-73.8907134,40.7010515,http://wmsy.me/1B5bV0Y
Volkswagen Jetta,"August 30, 2014 at 03:00PM","August 30, 2014 at 03:30PM",14.78,23.31,$2.4,0,0,0,0,0,http://wmsy.me/1loeuaB,-73.8907134,40.7010515,http://wmsy.me/1B5bV0Y,-73.703761,40.775646,http://wmsy.me/1nauSXU
Volkswagen Jetta,"August 30, 2014 at 07:25PM","August 30, 2014 at 07:42PM",7.98,23.73,$1.28,0,0,0,0,0,http://wmsy.me/1qf9u8t,-73.703761,40.775646,http://wmsy.me/1nauSXU,-73.808913,40.790147,http://wmsy.me/1nbByFo
Volkswagen Jetta,"August 30, 2014 at 08:06PM","August 30, 2014 at 08:32PM",10.95,22.94,$1.81,0,0,0,0,0,http://wmsy.me/1nbP7o6,-73.808913,40.790147,http://wmsy.me/1nbByFo,-73.9237615,40.7626463,http://wmsy.me/1uDugi9